created_at,location,text,polarity
Fri Mar 03 18:14:58 +0000 2017,"Puerto Rico, USA","RT @pitbull: Countdown to Climate Change on 3/17. Pre-order and get 6 tracks now, including Options and Greenlight. https://t.co/YioCu5p2kz",positive
Fri Mar 03 18:16:44 +0000 2017,"San Juan, Puerto Rico",RT @_misiaszek: dream team https://t.co/Vzq943bBNY,positive
Fri Mar 03 18:54:36 +0000 2017,"Puerto Rico, USA",RT @gameinfliction: Follow/RT for a chance to win Dishonored (PC) [#Steam Key] - Ends 9PM CST #FreeCodeFriday https://t.co/qFEVPVbaLG,positive
Fri Mar 03 21:46:01 +0000 2017,Puerto Rico,RT BleacherReport: Shaq vows to never discuss Javale McGee situation https://t.co/jmjYrCt1u5 https://t.co/2B9fhyDc4P,positive
Fri Mar 03 21:48:07 +0000 2017,Puerto Rico,Shaq vows to never discuss Javale McGee situation https://t.co/jmjYrCt1u5 https://t.co/2B9fhyDc4P,positive
Fri Mar 03 22:20:08 +0000 2017,"Luquillo, Puerto Rico","RT @chrislhayes: You're welcome Michigan ,Ohio and Pennsylvania voters! https://t.co/PVeogDW003",positive
Sat Mar 04 00:35:13 +0000 2017,"Puerto Rico, USA",RT @untouchwords: I wish my phone came with unlimited battery life and strong internet connection.,positive
Sat Mar 04 15:54:16 +0000 2017,Puerto Rico and Tampa,"RT @chrislhayes: You're welcome Michigan ,Ohio and Pennsylvania voters! https://t.co/PVeogDW003",positive
Sat Mar 04 16:29:13 +0000 2017,Puerto Rico,"Steelers, Titans targeting CB Dre Kirkpatrick in free agency, per RapSheet https://t.co/zY4dICT8Qs https://t.co/z00Y1dM1GH",positive
Sat Mar 04 17:03:13 +0000 2017,Puerto Rico & USA,RT @TheDoctors: ICYMI: Can taking antioxidants in pill form fuel cancer growth?! https://t.co/TcyDVU3ZEu https://t.co/eereTSqDTX,positive
Sat Mar 04 17:34:35 +0000 2017,Puerto Rico,US shale producers renew their challenge to OPEC. Great for them. Not so great for the price of oil... https://t.co/n9ydi6pRoB,positive
Sat Mar 04 18:10:26 +0000 2017,Puerto Rico,RT @insideclimate: USGS Scientists: Millions Now at Risk From Oil and Gas-Related Earthquakes https://t.co/N53PrTWydz,positive
Sat Mar 04 19:19:14 +0000 2017,Puerto Rico,RT @greenpeaceusa: Yikes. Climate change is carving a giant crater through Siberia's permafrost.https://t.co/YrHN9JT3sF,positive
Sat Mar 04 22:01:42 +0000 2017,Puerto Rico,Anyone here still plays UNIEL on steam,positive
Sun Mar 05 16:46:14 +0000 2017,"Puerto Rico, USA",no mires que no hay JAJAJAJ https://t.co/m2UAQKWl06,positive
Sun Mar 05 17:07:30 +0000 2017,Puerto Rico,"Check out this set from Telekinesis

https://t.co/cjRBvZcKyl",positive
Sun Mar 05 17:08:09 +0000 2017,Puerto Rico,"Check out this set from @Telekinesisdnb on Blackout Podcast's 

https://t.co/cjRBvZcKyl",positive
Sun Mar 05 17:17:54 +0000 2017,"Fajardo, Puerto Rico",RT @0Wanted1: Es como un control sin bateria https://t.co/zI0WOvp6cL,positive
Sun Mar 05 21:15:10 +0000 2017,Puerto Rico ,RT @Megalodon_BT: Dura mas que las relaciones por ahi https://t.co/J0rc75kK4T,positive
Mon Mar 06 15:39:29 +0000 2017,Puerto Rico,WHO: Pollution is killing millions of children each year https://t.co/Go0Rc8KlE6,positive
Mon Mar 06 15:39:29 +0000 2017,Puerto Rico,WHO: Pollution is killing millions of children each year https://t.co/VHJmLVL4Ol,positive
Mon Mar 06 15:42:15 +0000 2017,Puerto Rico,RT @ruthartxe: he's 40 https://t.co/ZOTPu6uy3H,positive
Tue Mar 07 17:43:11 +0000 2017,Puerto Rico,"still no power but the weather is insane so it's too dangerous to fix w/e blew up

honestly like, the wind is knocking people off their feet",positive
Tue Mar 07 17:45:35 +0000 2017,"Puerto Rico, USA","@Watt pad A Letter For My Son #wattpad https://t.co/4JRoV10NZE 

Chapter 2 and 3 have been published, enjoy :D
#ALetterForMySon",positive
Wed Mar 08 02:21:04 +0000 2017,Puerto Rico,sex body oil https://t.co/lyCOIfUeDY,positive
Wed Mar 08 14:34:13 +0000 2017,"Florida Adentro, Puerto Rico",RT @KrisParonto: WikiLeaks releases 'entire hacking capacity of the CIA' via the @FoxNews App  https://t.co/brsZPzyLEQ,positive
Wed Mar 08 14:58:07 +0000 2017,Puerto Rico,"The deal is worth $12 million over two years, per AdamSchefter.

Details: https://t.co/NzWFazM9Jv https://t.co/tyqovkJr2v",positive
Wed Mar 08 15:05:25 +0000 2017,"San Juan, Puerto Rico",AAA: Not All Gasoline Created Equal https://t.co/q5irZhCewS interestingly only PUMA Energy Caribe and Shell (Puerto Rico) meet criteria.,positive
Wed Mar 08 22:39:34 +0000 2017,"San Juan, Puerto Rico","""Tesla's new solar energy station will power Hawaii at night"" https://t.co/dJhs3spLcu",positive
Wed Mar 08 23:27:24 +0000 2017,Puerto Rico ,"love the battery life on the #mate9. its purely amazing, absolutely the best, better than iPhone 7 plus.",positive
Thu Mar 09 16:38:09 +0000 2017,Puerto Rico,Bubble teams are in the spotlight today as Selection Sunday looms https://t.co/ErEmjmOuwO https://t.co/BrqbKxHYSE,positive
Thu Mar 09 19:40:19 +0000 2017,Puerto Rico,RT @IntThings: Enemies can be great motivators. They serve as fuel for your fire,positive
Thu Mar 09 19:40:22 +0000 2017,Puerto Rico,"RT BleacherReport: DeMarcus Cousins fined $50,000 for NSFW exchanges with fans https://t.co/hhSEVQyWI0 https://t.co/sUPiA9xIX2",positive
Thu Mar 09 19:43:13 +0000 2017,Puerto Rico,"DeMarcus Cousins fined $50,000 for NSFW exchanges with fans https://t.co/hhSEVQyWI0 https://t.co/sUPiA9xIX2",positive
Fri Mar 10 11:55:37 +0000 2017,"Guayama, Puerto Rico",Necesitando este carro pa las justas https://t.co/kGHCf0HZF1,positive
Fri Mar 10 12:26:49 +0000 2017,"Ponce, Puerto Rico",Siempre hago este papelon !  O hay nadie que odie echar gasolina mas que yo https://t.co/vEWZ4DAvEj,positive
Fri Mar 10 12:32:31 +0000 2017,"Puerto Rico, USA",I added a video to a @YouTube playlist https://t.co/ubX0aKLPvi How to Find a Refrigerant Leak on an AC Unit and Fix and Charge R22,positive
Fri Mar 10 19:56:05 +0000 2017,"Carolina, Puerto Rico",SEA\LNG signs #MOU for cooperation with the Society for #Gas as a #Marine Fuel (SGMF). #LNG https://t.co/NqHz3LKZsF,positive
Fri Mar 10 23:38:04 +0000 2017,Puerto Rico,"Baker Mayfield tackled by officers in newly released video of his February arrest
https://t.co/RjfHtk8Uo5 https://t.co/Jm5qIeETah",positive
Sat Mar 11 00:08:16 +0000 2017,Puerto Rico,"Coach K, Bitmoji enthusiast (according to his players)
https://t.co/3KeaS1aqNB https://t.co/SVIpTuxvia",positive
Sat Mar 11 00:12:31 +0000 2017,"Cayey, Puerto Rico ",RT @businessinsider: Watch the perilous journey to bring wind turbine blades to the top of a mountain https://t.co/0gWWdCoaxw,positive
Sat Mar 11 00:42:28 +0000 2017,Puerto Rico,sexy oil #boys dildo https://t.co/0rJjOPc3mo,positive
Sat Mar 11 17:49:36 +0000 2017,"Puerto Rico, USA","@Jadl98 sin gasolina, sin aceite y sin motor",positive
Sat Mar 11 17:50:16 +0000 2017,"Cupey, Puerto Rico","@Jadl98 sin gasolina, sin aceita y sin motor",positive
Sat Mar 11 17:55:44 +0000 2017,Puerto Rico,RT @teenagehumors: i need a phone with 500% battery life,positive
Sat Mar 11 19:33:19 +0000 2017,Puerto Rico,"Browns shopping Brock and a 5th rounder for a 3rd rounder, per MaryKayCabot https://t.co/XcinOWm3ZC https://t.co/KyxVN7F4tQ",positive
Sat Mar 11 21:07:38 +0000 2017,"Puerto Rico, USA","RT @Willsk8tv: 50$ PSN,Xbox,Steam Giveaway with @cutiekayxo @RushPubstomping  https://t.co/Sau2mtKmfe",positive
Sat Mar 11 21:07:41 +0000 2017,"Puerto Rico, USA","I just entered @Willsk8tv and @Cutiekayxo 50$ PSN,XBOX,Steam giveaway https://t.co/GsYcP8XMZ7",positive
Sat Mar 11 21:11:17 +0000 2017,"Puerto Rico, USA",RT @angie_snow11: you have the greatest capacity to love...,positive
Sat Mar 11 23:43:06 +0000 2017,Puerto Rico,"Guice cold!

LSU RB heads into 2017 as one of the more dangerous big-play players
https://t.co/PQDPxxeDD8 https://t.co/kYrYncCIFa",positive
Sun Mar 12 14:44:57 +0000 2017,"Villa Nevarez, San Juan 00927, Puerto Rico",RT @mashable: China instructs air monitoring app to cap the pollution levels it's reporting https://t.co/nahl8R7LnI,positive
Sun Mar 12 23:18:00 +0000 2017,Puerto Rico,RT @arianna_odette: Estas son las amigas mias https://t.co/LDdnkkGw56,positive
Mon Mar 13 02:12:50 +0000 2017,Puerto Rico,RT @HOTLINEKREAM: Niggas only love dark skinned women when they're naked or drenched in some type of lotion or oil.,positive
Mon Mar 13 02:23:19 +0000 2017,"New York, Puerto Rico, Germany",Mind-blowing #Science with Fabian Oefner -  See more: https://t.co/0FV9ojECzt  #oil #flim #art #modernart #physics https://t.co/LyLXgxQnpW,positive
Mon Mar 13 13:17:12 +0000 2017,Puerto Rico,Computer operating system and short movie stored on DNA: New coding strategy maximizes data storage capacity of... https://t.co/Yzw4sh2gve,positive
Mon Mar 13 13:25:44 +0000 2017,Puerto Rico ,Deforestation is pushing endangered species to the brink. Tell @TIAA to cut ties w/ reckless palm oil producers! https://t.co/7WJviv6TYv,positive
Mon Mar 13 14:00:54 +0000 2017,"San Juan, Puerto Rico",Esto ya estaba previsto. Falta que AEE solicite las propuestas. https://t.co/eRvILxypsE,positive
Mon Mar 13 14:26:12 +0000 2017,Puerto Rico,Two Norwegian hockey teams made history by playing in a game that featured EIGHT overtimes https://t.co/dui55pgjXA https://t.co/y25ZEjo7kO,positive
Mon Mar 13 16:21:52 +0000 2017,"San Juan, Puerto Rico",RT @wef: This battery that can last over 10 years. Read more: https://t.co/z8n9OW5Rsc https://t.co/GdBf09AG3h,positive
Tue Mar 14 16:02:57 +0000 2017,"Santa Isabel, Puerto Rico",RT @MrsPlugg: this song alone did so much for the latin community it was crazy https://t.co/MGRxFsFaSS,positive
Tue Mar 14 16:33:13 +0000 2017,Puerto Rico,RT @bbchealth: B vitamins may have 'protective effect' against air pollution https://t.co/ZzXN96l8jx,positive
Tue Mar 14 16:36:31 +0000 2017,Puerto Rico,"Restricted free agent Malcolm Butler negotiating a deal with the Saints, per RapSheet https://t.co/L5zbuoKaaq https://t.co/omVJdjhmae",positive
Tue Mar 14 17:00:58 +0000 2017,"San Juan, Puerto Rico","RT @Noahpinion: Rubinstein on unfairness and elitism in the econ job market. OUCH!! 
(from https://t.co/suq6NBCZIo) https://t.co/AlSsAAxNBU",positive
Tue Mar 14 17:01:49 +0000 2017,"Puerto Rico, USA",RT @ajplus: Antonia has been following the oil industry for more than 20 years. Here's what she has to say about it: https://t.co/3qvxEjLsEC,positive
Tue Mar 14 19:08:21 +0000 2017,Puerto Rico,RT @hdbyrne: Climate change evidence: How do we know? https://t.co/EcY8bL7nz3 #dataviz via @NASA https://t.co/kekKpWZZBG,positive
Wed Mar 15 13:37:39 +0000 2017,Puerto Rico,"RT @CNNMoney: What to watch: 
- Fed decision looms
- Dutch election
- Oil's wild ride https://t.co/CwUMiJSnZF",positive
Wed Mar 15 13:38:16 +0000 2017,Puerto Rico,"RT @CNNMoney: Is this the start of OPEC vs. American shale, round two? https://t.co/DwgLUJGCgN Via @IvanaKottasova https://t.co/oNvg79uQxR",positive
Wed Mar 15 13:42:13 +0000 2017,Puerto Rico,"RT @CNNMoney: Is this the start of OPEC vs. American shale, round two? https://t.co/nbB3oX99r8",positive
Wed Mar 15 15:43:16 +0000 2017,"San Juan, Puerto Rico",Exxon Mobil applies for production license of oil in Guyana https://t.co/L3bT9R0SVs via @YahooNews,positive
Wed Mar 15 15:47:49 +0000 2017,"San Juan, Puerto Rico",Exxon applies for oil production license  in Guyana; marks 1st time South American country issues one https://t.co/L3bT9R0SVs via @YahooNews,positive
Wed Mar 15 17:06:08 +0000 2017,"Puerto Rico, USA","gamespot: Dead Rising 4 is now available on Steam.

Pick it up here: https://t.co/hVdsL22xeb #DeadRising4 https://t.co/WPf8crywx4",positive
Wed Mar 15 17:39:40 +0000 2017,"San Juan, Puerto Rico",Health-oriented VR apps are a huge trend this year. You can get Blue Goji's workout games right now on Steam. https://t.co/vtSh82nsPG,positive
Thu Mar 16 14:46:52 +0000 2017,"Puerto Rico, USA",Cannot wait for another great game from @10tonsLtd. https://t.co/3MwF2r0yd6,positive
Thu Mar 16 15:31:20 +0000 2017,"San Juan, Puerto Rico",RT @tiffanyreisz: So gross and elitist. My father hauled coal and his kids watched PBS all the time. https://t.co/yKfLRdGFSW,positive
Thu Mar 16 16:06:43 +0000 2017,"Puerto Rico, USA",@BrendenReis10 diesel 10 was upset about dodges clarinet recital not even pinchy was happy about it https://t.co/ejaRPy8Hym,positive
Thu Mar 16 18:05:52 +0000 2017,Puerto Rico,RT @YahooFinance: Big win for automakers as Trump orders fuel economy standards review https://t.co/aPDJVFA6I2 https://t.co/cDmdB1nZnN,positive
Thu Mar 16 20:48:42 +0000 2017,"Puerto Rico, USA","RT @AchievementHunt: The @IAmLindsayJones ACHIEVE shirt is now available!

Get it here: https://t.co/8vNOCwYW40 https://t.co/VsVhWjX9xY",positive
Thu Mar 16 20:48:42 +0000 2017,"Puerto Rico, USA","RT @AchievementHunt: The @IAmLindsayJones ACHIEVE shirt is now available!

Get it here: https://t.co/8vNOCwYW40 https://t.co/VsVhWjX9xY",positive
Thu Mar 16 20:56:21 +0000 2017,Puerto Rico,Knicks and Lakers among teams primed to strike gold in the draft lottery https://t.co/wHaUKiLQQs https://t.co/9Vvxyga53O,positive
Thu Mar 16 21:54:39 +0000 2017,Puerto Rico,Go check out my quick run down on Senran Kagura Estival Versus before it hit steam tomorrow! Thank you to... https://t.co/k1gnHYfxzp,positive
Thu Mar 16 21:54:39 +0000 2017,Puerto Rico,Go check out my quick run down on Senran Kagura Estival Versus before it hit steam tomorrow! Thank you to... https://t.co/k1gnHYfxzp,positive
Thu Mar 16 21:54:39 +0000 2017,Puerto Rico,Go check out my quick run down on Senran Kagura Estival Versus before it hit steam tomorrow! Thank you to... https://t.co/k1gnHYfxzp,positive
Thu Mar 16 23:58:07 +0000 2017,Puerto Rico,"Seahawks are open to trading Richard Sherman, per mlombardiNFL https://t.co/I2KfIgCbV9 https://t.co/DCkUd6fp7p",positive
Thu Mar 16 23:58:07 +0000 2017,Puerto Rico,"Seahawks are open to trading Richard Sherman, per mlombardiNFL https://t.co/I2KfIgCbV9 https://t.co/DCkUd6fp7p",positive
Fri Mar 17 00:03:41 +0000 2017,DMV/Florida/Puerto Rico,"RT @BleacherReport: Seahawks are open to trading Richard Sherman, per @mlombardiNFL https://t.co/KxXLr3GEEP https://t.co/QNjaiyJtnH",positive
Fri Mar 17 00:03:41 +0000 2017,DMV/Florida/Puerto Rico,"RT @BleacherReport: Seahawks are open to trading Richard Sherman, per @mlombardiNFL https://t.co/KxXLr3GEEP https://t.co/QNjaiyJtnH",positive
Fri Mar 17 03:47:22 +0000 2017,"Guaraguao Abajo, Puerto Rico",RT @the_moviebob: Your boss lives in a literal gold house. https://t.co/CWsAE8Kwzj,positive
Fri Mar 17 03:47:22 +0000 2017,"Guaraguao Abajo, Puerto Rico",RT @the_moviebob: Your boss lives in a literal gold house. https://t.co/CWsAE8Kwzj,positive
Fri Mar 17 03:47:22 +0000 2017,"Guaraguao Abajo, Puerto Rico",RT @the_moviebob: Your boss lives in a literal gold house. https://t.co/CWsAE8Kwzj,positive
Fri Mar 17 03:51:27 +0000 2017,Puerto Rico,Wizards among the top overachieving teams this season https://t.co/RzhnoLDnYK https://t.co/QdCSzydWO8,positive
Fri Mar 17 17:07:40 +0000 2017,"Puerto Rico, USA",ESA Euronews: Atmospheric pollution https://t.co/o57isxNQaG via @YouTube,positive
Fri Mar 17 17:07:42 +0000 2017,"Puerto Rico, USA",ESA Euronews: Atmospheric pollution https://t.co/v2lUAc3o0i via @YouTube,positive
Fri Mar 17 17:07:40 +0000 2017,"Puerto Rico, USA",ESA Euronews: Atmospheric pollution https://t.co/o57isxNQaG via @YouTube,positive
Fri Mar 17 17:07:42 +0000 2017,"Puerto Rico, USA",ESA Euronews: Atmospheric pollution https://t.co/v2lUAc3o0i via @YouTube,positive
Fri Mar 17 17:07:40 +0000 2017,"Puerto Rico, USA",ESA Euronews: Atmospheric pollution https://t.co/o57isxNQaG via @YouTube,positive
Fri Mar 17 17:07:42 +0000 2017,"Puerto Rico, USA",ESA Euronews: Atmospheric pollution https://t.co/v2lUAc3o0i via @YouTube,positive
Fri Mar 17 22:58:36 +0000 2017,Metro Area-Puerto Rico.,"RT @TacosNSlurpees: Last year, Colin Kaepernick used his voice.

Now, he's being blackballed by NFL GMs.

*FIXED* https://t.co/SWFl3mzpI2",positive
Fri Mar 17 23:08:27 +0000 2017,Rincon Puerto Rico,Why Climate-Change Models are so Flawed and Q&amp;A  https://t.co/eU8rgDTSa0,positive
Sat Mar 18 01:11:09 +0000 2017,Puerto Rico,The tale of Boaty McBoatface: a children's book https://t.co/sMXtwIOX7A https://t.co/5zQVggocxS,positive
Sat Mar 18 02:55:06 +0000 2017,Puerto Rico,DIESEL NOVA!? Rolling Coal Down The DRAG STRIP! https://t.co/Mu6nD1WOKr via @YouTube,positive
Sat Mar 18 04:24:15 +0000 2017,Puerto Rico ,RT @NikoUgly: Y'all President tweeted this LMAOOOOOOOO https://t.co/NOdNza7Y6o,positive
Sat Mar 18 04:31:10 +0000 2017,Puerto Rico,RT @NikoUgly: Y'all President tweeted this LMAOOOOOOOO https://t.co/NOdNza7Y6o,positive
Sat Mar 18 04:31:13 +0000 2017,Puerto Rico / Boston,RT @Kehlani: say it again https://t.co/cvpWPDPcQc,positive
Sat Mar 18 06:02:51 +0000 2017,"Candelaria, Puerto Rico",RT @NikoUgly: Y'all President tweeted this LMAOOOOOOOO https://t.co/NOdNza7Y6o,positive
Sat Mar 18 12:26:46 +0000 2017,Puerto Rico,RT @NikoUgly: Y'all President tweeted this LMAOOOOOOOO https://t.co/NOdNza7Y6o,positive
Sat Mar 18 13:43:12 +0000 2017,"United States, Puerto Rico",Lake Tahoe expected to fill up with largest physical rise in recorded history https://t.co/KohVqfvd2H via @SFGate,positive
Sat Mar 18 15:47:32 +0000 2017,"Puerto Rico, USA","VG247: Woo-hoo! #NeirAutomata is now available on Steam for PC. 

 https://t.co/Yts1A8LBRp https://t.co/BraKucrzh5",positive
Sat Mar 18 16:06:09 +0000 2017,"Coamo, Puerto Rico","RT @VG247: Woo-hoo! #NeirAutomata is now available on Steam for PC. 

 https://t.co/hePY55k0kd https://t.co/xbQLWpmV6n",positive
Sat Mar 18 16:45:19 +0000 2017,Puerto Rico,RT @NikoUgly: Y'all President tweeted this LMAOOOOOOOO https://t.co/NOdNza7Y6o,positive
Sat Mar 18 18:08:20 +0000 2017,Puerto Rico,Which high-priced 2017 free agents will go bust? https://t.co/mOpFy1f1IQ https://t.co/vcgdeKQUGz,positive
Sat Mar 18 20:03:25 +0000 2017,Puerto Rico,RT @yelyahwilliams: @paramore 100% battery 100% life https://t.co/6YzUcpWYvT,positive
Sun Mar 19 14:46:45 +0000 2017,Puerto Rico,KD will join the Warriors on a road trip for the first time since injuring his MCL https://t.co/zFLhXovWWc https://t.co/HWkQvFvBbz,positive
Sun Mar 19 17:54:55 +0000 2017,Puerto Rico - Misiones,RT @amtonella73: @Mauge_73 @RastaRNR97  mudense a mi patio ahre https://t.co/H5WnCV1Gjm,positive
Sun Mar 19 18:05:08 +0000 2017,"Mayaguez, Puerto Rico","You'll live, always, among the lines.

Rest in Power 

#BernieWrightson",positive
Sun Mar 19 18:35:26 +0000 2017,"Puerto Rico, USA","VG247: Woo-hoo! #NeirAutomata is now available on Steam for PC. 

 https://t.co/Yts1A8LBRp https://t.co/3hufGDF3Fi",positive
Sun Mar 19 18:36:35 +0000 2017,Puerto Rico,"As the regular season hits the stretch run, the Rockets are rising in our power rankings https://t.co/6sjLPWIxsb https://t.co/ECuE4hbzrO",positive
Fri Mar 03 18:23:15 +0000 2017,Puerto Rico,"Rams go out with the gold, in with the old https://t.co/W70rr7z9bj https://t.co/mXtBQVOlTs",negative
Fri Mar 03 19:39:23 +0000 2017,Puerto Rico,Tesla's Cars Will Soon Be Just As Affordable as Gas-Powered Vehicles https://t.co/10rdvZEnWA,negative
Fri Mar 03 21:05:28 +0000 2017,"Gurabo, Puerto Rico",Hahahahahahahha mi vecino acaba de poner musica religiosa a 100... llego la hora de tocar bateria :-),negative
Fri Mar 03 21:13:30 +0000 2017,Puerto Rico,Could Trump's policies derail a US World Cup bid? https://t.co/gBlMIptA8n https://t.co/sJA3khjEF1,negative
Fri Mar 03 21:39:56 +0000 2017,Puerto Rico,*Mami tratando de convencerme a que me mude con ella* @alanisschwader https://t.co/k9omAEifAr,negative
Fri Mar 03 21:43:03 +0000 2017,"Humacao, Puerto Rico",RT @Vanellycious: *Mami tratando de convencerme a que me mude con ella* @alanisschwader https://t.co/k9omAEifAr,negative
Fri Mar 03 21:46:17 +0000 2017,"Arecibo, Puerto Rico",RT @BleacherReport: We should all strive to be more like Bill Walton (via @bychasehowell) https://t.co/O8JdUHhgw8 https://t.co/wZjM1A2kWz,negative
Fri Mar 03 22:49:07 +0000 2017,"NYC, Puerto Rico",RT @EcoWatch: Microfibers: The New Plastic Pollution That Threatens Our Waters https://t.co/U0p974yxEh @savingoceans @EnvCalifornia,negative
Fri Mar 03 23:21:49 +0000 2017,"Puerto Rico, USA",I can't acces anything from my inventory. Steam says i have no items and that the inventory is not available how can I fix this?,negative
Fri Mar 03 23:33:22 +0000 2017,Puerto Rico,THE POWER JUST WENT OFF. PLEASE DONT LET THIS BE ANOTHER MASSIVE BLACKOUT,negative
Fri Mar 03 23:34:54 +0000 2017,Puerto Rico$$,@ValenLasagno https://t.co/voVYdvvcdY,negative
Fri Mar 03 23:38:15 +0000 2017,Puerto Rico,"Darrelle Revis falls just outside the top-five in our #NFL1000 free agent CB rankings
https://t.co/2O9HW6c7SM https://t.co/HexbBKTdfP",negative
Sat Mar 04 00:03:58 +0000 2017,"Carolina, Puerto Rico",Tienen que cojer a Kevin Mchale https://t.co/mkpNSnnjfA,negative
Sat Mar 04 00:42:15 +0000 2017,Puerto Rico,Ouch https://t.co/WylyJWsZab,negative
Sat Mar 04 01:06:45 +0000 2017,"Puerto Rico, USA",RT @The_Last_NewsPa: Climate Change Order Trump Just Gave EPA Has Libs FREAKING OUT https://t.co/S1I3xJa7FK https://t.co/RlKQSRNBmD,negative
Sat Mar 04 01:23:11 +0000 2017,"Caguas, Puerto Rico",Nunca tengo bateria nuncaa,negative
Sat Mar 04 01:57:13 +0000 2017,"Toa Alta, Puerto Rico",Lonzo Ball dad still worse https://t.co/PIFaPtcQFa,negative
Sat Mar 04 15:18:49 +0000 2017,"Carolina, Puerto Rico","RT @TheFunnyFml: *Gasolina starts playing* 
Friend: don't do it
Me: https://t.co/38DhbxS2CY",negative
Sat Mar 04 15:26:24 +0000 2017,"San Juan, Puerto Rico",RT @BBCWorld: Rival east Libya factions battle for crucial oil ports https://t.co/ek1gmWpsdK,negative
Sat Mar 04 15:54:24 +0000 2017,puerto rico jk texas ya digg ,RT @EmperorxKen: 3) SHE NEEDS SOME OIL SHEEN https://t.co/3QdxLdeKaU,negative
Sat Mar 04 15:54:59 +0000 2017,Puerto Rico ,"RT @TheFunnyFml: *Gasolina starts playing* 
Friend: don't do it
Me: https://t.co/38DhbxS2CY",negative
Sat Mar 04 16:03:56 +0000 2017,"NYC, Puerto Rico",RT @LifeWoutPlastic: A Plastic Tide - Free documentary on plastic pollution! https://t.co/JhkieDuUGD,negative
Sat Mar 04 16:04:03 +0000 2017,Puerto Rico,"Brandon Marshall and Patriots have mutual interest, per BenVolin https://t.co/EJnChVmcsp https://t.co/VdeU02REkh",negative
Sat Mar 04 16:59:17 +0000 2017,"Sabana Grande, Puerto Rico","RT @TheFunnyFml: *Gasolina starts playing* 
Friend: don't do it
Me: https://t.co/38DhbxS2CY",negative
Sat Mar 04 16:59:36 +0000 2017, Puerto Rico,"RT @appearance: *Gasolina starts playing* 
Friend: don't do it
Me: https://t.co/kXLlmd537h",negative
Sat Mar 04 17:03:50 +0000 2017,Puerto Rico,The secret to Kentucky guard De'Aaron Fox's success? Six hours of NBA2K per day https://t.co/3KyC7jHZNh https://t.co/Fs1OtzWtoY,negative
Sat Mar 04 17:29:37 +0000 2017,san juan puerto rico,@POTUS44 gasoline burned style stomach of racist all PR torturing me poisoned roommates friends too voices devices neigh,negative
Sat Mar 04 17:39:47 +0000 2017,Puerto Rico,"RT @DAVILACOLON: La colonia es tan desastrosa, que quiebra hasta sus propios monopolios: AEE, AAA, AC, AMA, ATM, etc",negative
Sat Mar 04 18:04:42 +0000 2017,"Puerto Rico, USA",RT @Paolo_Bargiggia: Non lo sanno manco loro... https://t.co/s1VugX5mYm,negative
Sat Mar 04 18:42:57 +0000 2017,"Puerto Rico, USA","RT @DAVILACOLON: La colonia es tan desastrosa, que quiebra hasta sus propios monopolios: AEE, AAA, AC, AMA, ATM, etc",negative
Sat Mar 04 18:46:49 +0000 2017,Puerto Rico,"La coge Hollywood, Vin Diesel se queda sin empleo.  https://t.co/EGVbSBOcGn",negative
Sat Mar 04 18:47:40 +0000 2017,"Puerto Rico, USA","{revolution}
Climate change is real... Talk to your local officials about Wildfire preperation today. 
https://t.co/TWEbeMgFQE",negative
Sat Mar 04 18:48:37 +0000 2017,"Puerto Rico, USA","RT @DAVILACOLON: La colonia es tan desastrosa, que quiebra hasta sus propios monopolios: AEE, AAA, AC, AMA, ATM, etc",negative
Sat Mar 04 19:15:34 +0000 2017,"San Juan, Puerto Rico","RT @TakingFiveHQ: *Gasolina starts playing* 

Friend: don't do it

Me:
https://t.co/oYpGrEAJnb",negative
Sat Mar 04 19:23:11 +0000 2017,"Puerto Rico, USA",Finally home from work. Now to check Twitter then watch Dragon Ball Super. Maybe I'll buy the Steam version of Nights of Azure.,negative
Sat Mar 04 19:52:24 +0000 2017,Puerto Rico,RT @ajplus: Climate change is making a huge impact on the world's former highest ski resort. https://t.co/qXYznBjCyF,negative
Sun Mar 05 14:44:51 +0000 2017,Puerto Rico,"RT @TheFunnyVine: *Gasolina starts playing* 
Friend: don't do it
Me: https://t.co/jBLaNCi8Pk",negative
Sun Mar 05 16:04:53 +0000 2017,"Caguas, Puerto Rico ",Mi cheque se va en gasolina y peaje,negative
Sun Mar 05 16:05:26 +0000 2017,Colombia/Puerto Rico,Ayyy Luly!!! https://t.co/QG37ZsMTMU,negative
Sun Mar 05 16:07:46 +0000 2017,Puerto Rico,"Hemp, Inc. Purchases CO2 Supercritical Extraction Unit for CBD Oil Production - Marketwired (press release) https://t.co/f8rksbZ9Jn",negative
Sun Mar 05 16:11:20 +0000 2017,"Puerto Rico, USA","RT @awkwardposts: perks of being ugly: 

phone battery lasts longer",negative
Sun Mar 05 17:05:14 +0000 2017,"Puerto Rico, USA",Take a look at this map to find out what New York City illuminated by #solar #energy looks like. https://t.co/v54i6S8iQt,negative
Sun Mar 05 17:06:03 +0000 2017,"Puerto Rico, USA",#NowPlaying Gasolina by Daddy Yankee #ChippahRadio #Listen https://t.co/2o8A5Gwlph https://t.co/L8YakzLjvC,negative
Sun Mar 05 17:09:15 +0000 2017,Puerto Rico,RT @MSGCapital: They can't keep track of a 250-ton jumbo jet but they know where crude is going? https://t.co/5PuLpxLD1k,negative
Sun Mar 05 17:09:23 +0000 2017,Puerto Rico,Deshaun Watson's stock jumped while DeShone Kizer stumbled at Saturday's #NFLCombine https://t.co/yIPrYWthv7 https://t.co/dX0EjSHYKY,negative
Sun Mar 05 17:41:51 +0000 2017,"Puerto Rico, USA",RT @techedvocate: Why Is It So Hard for #EdTech Startups to Sell to Schools? https://t.co/6NpIovV3a7 #steam https://t.co/whtcOGKEr7,negative
Sun Mar 05 17:52:27 +0000 2017,"NYC, Puerto Rico",#climatechange https://t.co/kaNj8lvf3w,negative
Sun Mar 05 20:16:16 +0000 2017,Puerto Rico ,RT @aliendel97: JAJAJA ayyy https://t.co/mwIZPvKzOU,negative
Sun Mar 05 20:53:50 +0000 2017,PUERTO RICO ,RT @ursarings: Global warming is real and killing is all https://t.co/0Rit5mYyZE,negative
Sun Mar 05 20:54:24 +0000 2017,PUERTO RICO ,RT @ursarings: Jajajajaj killing us all* even tho.... killing is truly all? Wow poetico https://t.co/trX9jBiNos,negative
Sun Mar 05 21:51:57 +0000 2017,"Gurabo, Puerto Rico",RT @GabrielMangual: Mi bellaca de alto voltaje nunca ha salido a la luz.,negative
Sun Mar 05 22:27:59 +0000 2017,Puerto Rico,"RT @EleanorJCalder: Rule #09 #forsuccessfulliving - Be Brave! @diesel @ London, United Kingdom https://t.co/hswSa4sBsq",negative
Sun Mar 05 22:29:18 +0000 2017,S.F. Bay/Puerto Rico,RT @marymad: Ummmm https://t.co/7C7k0AI2V7,negative
Mon Mar 06 14:33:17 +0000 2017,"U.S., Canada, and Puerto Rico",Happy Birthday to the Big Diesel @SHAQ! https://t.co/ANr4ztsOpQ,negative
Mon Mar 06 14:34:34 +0000 2017,Puerto Rico,"Julius Peppers will return for a 16th season, per RobDemovsky and vxmcclure23 https://t.co/ZUhuOieHWs https://t.co/y6fBePAiZP",negative
Mon Mar 06 14:44:11 +0000 2017,Puerto Rico,"Battery tech suitable for future iPhone promises 3x the power density, full charge in minutes https://t.co/amwiDiCKae",negative
Mon Mar 06 14:44:12 +0000 2017,Puerto Rico,"Battery tech suitable for future iPhone promises 3x the power density, full charge in minutes https://t.co/KOFClvyIPo",negative
Mon Mar 06 15:09:43 +0000 2017,Puerto Rico ,"RT @Capturingart: Marti Gretfreund, oil on canvas https://t.co/mw9WtgIsx7",negative
Mon Mar 06 15:13:27 +0000 2017,Puerto Rico,RT @YanieYampier: Jajajajajajajajajajaja https://t.co/dwGNHTi7pI,negative
Mon Mar 06 16:17:49 +0000 2017,"Guatemala, Puerto Rico","RT @CBCAlerts: Emergency crews responding to diesel spill at fish farm off northern Vancouver Island, B.C. https://t.co/7I8h7PrJpT",negative
Mon Mar 06 17:11:24 +0000 2017,Puerto Rico,RT @greenpeaceusa: Yes! Reduced coal burning results in decline of mercury in tuna contamination! https://t.co/5i9nRAfunk,negative
Mon Mar 06 17:14:03 +0000 2017,Puerto Rico,#isreal https://t.co/S2Jr3YD52N,negative
Mon Mar 06 17:16:54 +0000 2017,"Puerto Rico, USA",RT @BleacherReport: All eyes are on bubble teams now that championship week is here https://t.co/qdnrzesi2K https://t.co/f1i6MYBfuX,negative
Mon Mar 06 17:19:40 +0000 2017,Puerto Rico,All eyes are on bubble teams now that championship week is here https://t.co/mqVSxiVXm6 https://t.co/OnvKJKiLjB,negative
Mon Mar 06 17:49:11 +0000 2017,Puerto Rico,Kansas enters championship week atop the AP Poll https://t.co/0FChLE2xUj https://t.co/vbDX8DivVn,negative
Mon Mar 06 17:52:21 +0000 2017,"Isabela, Puerto Rico",RT @marvelvscapcom: Only one more day before Ultimate Marvel vs. Capcom 3 drops on Xbox One and Steam! https://t.co/85X223z0zl,negative
Mon Mar 06 18:17:11 +0000 2017,Puerto Rico ,RT @BleacherReport: Kansas enters championship week atop the AP Poll https://t.co/gp4vg8OphZ https://t.co/XNzJa6OVNE,negative
Mon Mar 06 18:17:33 +0000 2017,Puerto Rico & England,RT @PegFitzpatrick: How #ContentMarketing Can Fuel your Entrepreneurial Success - https://t.co/xlJ5I0jLiV https://t.co/PSnwlwE9Di,negative
Mon Mar 06 18:56:02 +0000 2017,"san juan, puerto rico","por estar en sc mandando nudes, bellaca https://t.co/b7dOcPPoQ1",negative
Mon Mar 06 18:58:30 +0000 2017,Puerto Rico,RT @alxndrrra: Lmaoo https://t.co/I9I82pKVmb,negative
Mon Mar 06 19:24:09 +0000 2017,Puerto Rico,"From unranked to UFC champ in a year: Meet ""natural badass"" Cody Garbrandt #BRmag https://t.co/hwNUq63pdk https://t.co/ryvcl1dX3V",negative
Tue Mar 07 17:41:24 +0000 2017,"Caguas, Puerto Rico",@Carlitoalexis1 https://t.co/E0hTRQvHiC,negative
Tue Mar 07 17:45:30 +0000 2017,Sur de Puerto Rico,Ya mismo piden investigarlo. Jajaja. https://t.co/UCIMy4PLeM,negative
Tue Mar 07 17:45:37 +0000 2017,Puerto Rico,"New Solid-State Battery Tech Claims To Be Incombustible, Recharges Quickly, Holds 3x Charge https://t.co/mwr5HWeKv2",negative
Tue Mar 07 18:11:45 +0000 2017,Coamo Puerto Rico ,Cuando le digo a mami que el sobrante de la beca es pa gasolina y libros https://t.co/zQCmC3MOSp,negative
Tue Mar 07 18:46:12 +0000 2017,"Ponce, Puerto Rico",RT @CJavier0311: Dime que gasolina es esa que le echaste... https://t.co/hoUQKoTQHd,negative
Wed Mar 08 02:19:08 +0000 2017,"Puerto Rico, USA","@realDonaldTrump @exxonmobil Turning petrol to user goods is better than burning it as fuel, start changing toward that goal NOW! ZPE energy",negative
Wed Mar 08 02:23:51 +0000 2017,"Puerto Rico, USA",Te ayuda a pagar del Diesel lo juro,negative
Wed Mar 08 02:25:02 +0000 2017,Puerto Rico,*Listens to Gasolina once* https://t.co/iJgzyu0SUn,negative
Wed Mar 08 12:08:07 +0000 2017,Puerto Rico,Mosul residents outraged by IS 'hole fee' - Iraq Oil Report https://t.co/6B092HMLHs more@ https://t.co/m4re7yoNx2,negative
Wed Mar 08 13:58:17 +0000 2017,Puerto Rico,RT @HamboPR: For Honor pierde el 50% de sus jugadores en Steam https://t.co/ktrZNCTgwc https://t.co/JYWFi8vLsG,negative
Wed Mar 08 14:24:55 +0000 2017,"Puerto Rico, USA",Organizada con permisos (city permit). #NoEsLoMismo https://t.co/lR4ZMBtuCe @JessicaLabrador @jelguera https://t.co/hMK9f0jvtb,negative
Wed Mar 08 14:25:31 +0000 2017,"San Juan,Puerto Rico","RT @physorg_com: Rising CO2 due to climate change may not improve agriculture, model shows https://t.co/wGSozD2PG8 @LifeAtPurdue",negative
Wed Mar 08 14:55:44 +0000 2017,Puerto Rico,"esto es trampa... que bueno que es el ""gran"" Eli el QB https://t.co/OkGU5NoBfr",negative
Wed Mar 08 15:05:40 +0000 2017,"San Juan, Puerto Rico",AAA: Not All Gasoline Created Equal https://t.co/UHpR6RDn4V,negative
Wed Mar 08 20:07:46 +0000 2017,"Guaynabo, Puerto Rico",Check out Valve Steam Wireless Controller Gamepad for Windows Mac Linux Game Pad PC Play https://t.co/4ekOBzN6DN @eBay,negative
Wed Mar 08 20:08:39 +0000 2017,"Guaynabo, Puerto Rico",Check out Nike KD VI GS Black Volt Vivid Blue Dark Grey 599477-006 (Youth Sz6) https://t.co/uulNRXUeCs @eBay,negative
Wed Mar 08 20:51:32 +0000 2017,Puerto Rico,Tesla built a huge solar energy plant on the island of Kauai https://t.co/B4Qb4B3yHq https://t.co/QQxPMKqwF6,negative
Wed Mar 08 21:27:13 +0000 2017,Puerto Rico,"same, yo le pago hasta la gasolina https://t.co/qMrxlqvVFS",negative
Wed Mar 08 21:38:13 +0000 2017,Puerto Rico,How things have changed for Luke Kennard #BRmag https://t.co/ivXTEQk4O3 https://t.co/O2145FdrM9,negative
Wed Mar 08 22:02:43 +0000 2017,"Corozal, Puerto Rico",ANDA YO BAILABA ESA CANCION CUANDO BEBE JAJAJJSJSJSJSJSK https://t.co/pAMkbPUHYJ,negative
Wed Mar 08 22:04:28 +0000 2017,Puerto Rico,"RT @BleacherReport: Out with the old, in with the new

MJ is moving on to elephant print https://t.co/FV0E3PiXaU https://t.co/lGjj1ho7YF",negative
Wed Mar 08 22:33:22 +0000 2017,Puerto Rico,"Kentucky. UCLA. Kansas. 

Where does your favorite CBB program rank by current NBA talent https://t.co/VTPg8uZ0xV https://t.co/liaknZ0vyY",negative
Wed Mar 08 22:40:18 +0000 2017,"Puerto Rico,Misiones,Argentina",RT @julian_alles: Jajajajajajajajaja https://t.co/Xm4enxD35c,negative
Wed Mar 08 22:59:45 +0000 2017,"Dorado, Puerto Rico",RT @IreneOrtiz7: @ashvany_suraj https://t.co/gXQP6fR86C,negative
Wed Mar 08 23:10:52 +0000 2017,Puerto Rico,I spend all this trouble moving the printer outside so it can reach the extension cord from the power plant........,negative
Wed Mar 08 23:30:57 +0000 2017,Puerto Rico-Misiones,RT @julian_alles: Jajajajajajajajaja https://t.co/Xm4enxD35c,negative
Wed Mar 08 23:34:44 +0000 2017,"Villalba, Puerto Rico",RT @vocabIy: if i text u with less than 10% battery ur a priority,negative
Thu Mar 09 00:03:49 +0000 2017,Puerto Rico,Grab keys for Games of Glory closed Beta Weekend ! You can also get prizes. https://t.co/f0vndOgIHk,negative
Thu Mar 09 00:08:53 +0000 2017,Puerto Rico,Get Economic Conquest for FREE on https://t.co/zseI8GzHPa #orlygift #free #steam #giveaway #indiedev,negative
Thu Mar 09 00:31:55 +0000 2017,"Cabo Rojo, Puerto Rico",Full https://t.co/apAKNuPlRO,negative
Thu Mar 09 01:40:13 +0000 2017,Puerto Rico,"RT @just1337develop: Hungry Flame on STEAM!
https://t.co/WpMPBEUJ6h
#gamedev #indiedev #indie #SteamNewRelease https://t.co/Qd1olNZeAl",negative
Thu Mar 09 01:52:53 +0000 2017,"San Lorenzo, Puerto Rico",GTSUN WITH charge controller https://t.co/rPG7Bcwk3g,negative
Thu Mar 09 02:27:12 +0000 2017,Puerto Rico,Burns/SSR Study Profiles Hot AC/AC Music Tastes https://t.co/FwdBbH9P5V,negative
Thu Mar 09 14:18:19 +0000 2017,Puerto Rico,"DeSean Jackson expected to sign with Bucs, per AdamSchefter https://t.co/yJvrDnPFQY https://t.co/bdbobBZ8cb",negative
Thu Mar 09 14:21:36 +0000 2017,"San Juan, Puerto Rico",RT @fivefifths: EPA chief doesn't believe CO2 contributes to climate change. Can't wait to live on a raft.,negative
Thu Mar 09 14:28:33 +0000 2017,"Puerto Rico, USA",Puerto Rico!!!! Escucha! https://t.co/4VbBu7LZle,negative
Thu Mar 09 14:54:12 +0000 2017,"Carolina, Puerto Rico",RT @RogueNASA: Oh. EPA chief Scott Pruitt says CO2 not a primary contributor to climate change. https://t.co/2lFaXNUVGA,negative
Thu Mar 09 16:29:40 +0000 2017,Puerto Rico,EPA head suggests CO2 isn't a 'primary contributor' to climate change https://t.co/mmVG5IArVb,negative
Thu Mar 09 17:22:45 +0000 2017, Puerto Rico,"RT @GayWeHoDogs4U: #Help me! I'm Diesel, an adult male #Chihuahua mix. #nkla #dogs #love  https://t.co/NRE7iPQQ1N https://t.co/J77JyVEkDN",negative
Thu Mar 09 17:27:11 +0000 2017,"San Juan, Puerto Rico",RT @AndyRichter: Maybe losing beachfront homes will make the GOP care about climate change https://t.co/75VxxtjeeR,negative
Thu Mar 09 17:52:16 +0000 2017,Puerto Rico,"Martellus Bennett and Raiders have mutual interest, per jeffphowe https://t.co/FbRIUDlcrp https://t.co/8TD8c1Haex",negative
Thu Mar 09 18:15:00 +0000 2017,Puerto Rico,Por si te lo perdiste; For Honor pierde el 50% de sus jugadores en Steam https://t.co/XhXa7WhcB4 https://t.co/sLl8CjmDYd,negative
Thu Mar 09 18:18:59 +0000 2017,"Florida Adentro, Puerto Rico",RT @HannibalBarca65: And he would be correct! https://t.co/4LqpzMNc74,negative
Thu Mar 09 18:46:55 +0000 2017,"Puerto Rico, USA","Tengo las ventanas abiertas, estoy en Guaynabo city y me estoy congelando y estamos en cuaresma... global warming is real, people.",negative
Thu Mar 09 19:07:47 +0000 2017,Puerto Rico,"Everyone has something to say about Lonzo's dad.

That doesn't bother Lonzo #BRmag https://t.co/IJz3dKgOjv https://t.co/xJR9G36wrd",negative
Thu Mar 09 19:08:23 +0000 2017,Puerto Rico y Uruguay   ,RT @LYSS_itUp: @adri_sofia4 @anna_lechner us https://t.co/acneoQzavb,negative
Thu Mar 09 19:12:52 +0000 2017,"Pueblo, Puerto Rico",RT @jonmachota: Tony Romo vs. J.J. Watt https://t.co/x4Z4udy04a,negative
Thu Mar 09 19:16:14 +0000 2017,"Puerto Rico, USA",#NowPlaying Give It Up by AC/DC #ChippahRadio #Listen https://t.co/2o8A5Gwlph https://t.co/Qa0C4Is7eb,negative
Thu Mar 09 19:37:03 +0000 2017,"Puerto Rico, USA","VG247: #GhostReconWildlands player numbers on Steam beat open beta stats
https://t.co/GwpFjFe8jh https://t.co/GnMOK0dTSk",negative
Thu Mar 09 19:39:19 +0000 2017,Puerto Rico,"RT @joxesantiago: ah, no c...bueno, zi c, pero no te voa decil. https://t.co/L8HkrIAPG3",negative
Thu Mar 09 19:40:34 +0000 2017,"San Juan, Puerto Rico","Bueno para Puerto Rico...
https://t.co/DiiEANegGW",negative
Thu Mar 09 19:43:32 +0000 2017,"San Juan, Puerto Rico",Jajajjajajaj yo con cualquier dembow https://t.co/NUTxPnH6NR,negative
Fri Mar 10 19:53:36 +0000 2017,"San Juan, Puerto Rico",One of the biggest oil companies in the world says faith in fossil fuels is 'disappearing' https://t.co/8z0jQRt6uA,negative
Fri Mar 10 20:53:27 +0000 2017,Puerto Rico,"Baked brownies using almond flour and coconut oil! They smell like pure chocolate, that's always a good sign. https://t.co/ZBMqJstmVw",negative
Fri Mar 10 21:23:03 +0000 2017,Puerto Rico,The biggest bracketology questions get answered https://t.co/N9QVqNUfIJ https://t.co/34sdUijhzC,negative
Fri Mar 10 21:33:30 +0000 2017,Puerto Rico,"RT @WorIdStarLaugh: *Gasolina starts playing* 
Friend: don't do it
Me:  https://t.co/iXSrSvOvGS",negative
Fri Mar 10 21:53:09 +0000 2017,Puerto Rico,Malik Monk continues to excite NBA scouts with his microwave scoring potential https://t.co/wZFhF940o0 https://t.co/F2l4VlLSC7,negative
Fri Mar 10 22:05:08 +0000 2017,"Puerto Rico, USA","RT @TakingFiveHQ: *Gasolina starts playing* 

Friend: don't do it

Me:
https://t.co/oYpGrEAJnb",negative
Fri Mar 10 22:28:06 +0000 2017,"San Lorenzo, Puerto Rico ","Nada nuevo hermano. Ellos saben que es ilegal, solo que no les importa. https://t.co/DByuVPocJs",negative
Fri Mar 10 22:28:36 +0000 2017,Puerto Rico ,"RT @jayfonsecapr: Nada nuevo hermano. Ellos saben que es ilegal, solo que no les importa. https://t.co/DByuVPocJs",negative
Fri Mar 10 23:36:16 +0000 2017,Puerto Rico,Nuclear Fuel From the Ocean Would Provide Thousands of Years Worth of Energy https://t.co/BWmlhPHKoi,negative
Fri Mar 10 23:42:29 +0000 2017,"San Juan, Puerto Rico","RT @jayfonsecapr: Nada nuevo hermano. Ellos saben que es ilegal, solo que no les importa. https://t.co/DByuVPocJs",negative
Fri Mar 10 23:44:09 +0000 2017,Puerto Rico,Entercom Puts Lineup in Place for Big Easy Urban AC. https://t.co/BA8u4SoN5o,negative
Sat Mar 11 00:11:51 +0000 2017,Puerto Rico,RT @DailyMemeSuppIy: Unbelievable that Club Penguin is shutting down yet people still deny the impact of climate change on our planet,negative
Sat Mar 11 00:13:56 +0000 2017,"Puerto Rico, USA",RT @Erickcuevas26: Vente tu cabbb https://t.co/SUdSzGklI0,negative
Sat Mar 11 00:14:34 +0000 2017,"San Juan, Puerto Rico",RT @DailyMemeSuppIy: Unbelievable that Club Penguin is shutting down yet people still deny the impact of climate change on our planet,negative
Sat Mar 11 00:19:06 +0000 2017,"Isabela, Puerto Rico",@LaaurenMartinn about as real as climate change,negative
Sat Mar 11 17:13:34 +0000 2017,"Guaraguao Abajo, Puerto Rico",RT @ryanlcooper: this is a 100x bigger threat to national security than anything having to do with Russia https://t.co/VeDXLem7VT,negative
Sat Mar 11 17:16:02 +0000 2017,"Las Piedras, Puerto Rico",RT @BleacherReport: LaMarcus Aldridge out indefinitely due to minor heart rhythm issues https://t.co/gqIAoiveX7 https://t.co/gks17v6crh,negative
Sat Mar 11 18:19:40 +0000 2017,"Puerto Rico, USA",RT @BleacherReport: LaMarcus Aldridge out indefinitely due to minor heart rhythm issues https://t.co/gqIAoiveX7 https://t.co/gks17v6crh,negative
Sat Mar 11 18:23:09 +0000 2017,Puerto Rico,"RT @TakingFiveHQ: *Gasolina starts playing* 

Friend: don't do it

Me:
https://t.co/oYpGrEAJnb",negative
Sat Mar 11 18:32:51 +0000 2017,"Puerto Rico, USA",@XHNews @ChinaDailyUSA @ChineseGov @USNavy @PDChina @USMC @JapanEmbDC @realDonaldTrump WHAT'S UR PLEASURE TWINS AC$? https://t.co/btMULCIwg3,negative
Sat Mar 11 19:25:29 +0000 2017,"Toa Alta, Puerto Rico",Steam Big Picture Mode is... not very... useful?,negative
Sat Mar 11 20:37:38 +0000 2017,"Ponce, Puerto Rico",Se los dije combo! https://t.co/3MkSvp3wtv,negative
Sat Mar 11 21:19:00 +0000 2017,Puerto Rico,RT @BleacherReport: LaMarcus Aldridge out indefinitely due to minor heart rhythm issues https://t.co/gqIAoiveX7 https://t.co/gks17v6crh,negative
Sat Mar 11 21:19:03 +0000 2017,Puerto Rico,"RT @BleacherReport: Jordan Cameron retiring from NFL due to concerns over concussions
https://t.co/lu8Dou6CME https://t.co/3SWZT0F3FP",negative
Sat Mar 11 21:43:40 +0000 2017,"Trujillo Alto, Puerto Rico","RT @appearance: *Gasolina starts playing* 
Friend: don't do it
Me: https://t.co/kXLlmd537h",negative
Sat Mar 11 21:54:42 +0000 2017,"Puerto Rico, USA","RT @CECHR_UoD: Generating Power From Tidal Lagoons
http://t.co/0hpBTlDEdY #Wales #renewables http://t.co/DgpQT1RwQG",negative
Sat Mar 11 21:54:52 +0000 2017,Puerto Rico,"RT @appearance: *Gasolina starts playing* 
Friend: don't do it
Me: https://t.co/kXLlmd537h",negative
Sat Mar 11 22:21:27 +0000 2017,"Puerto Rico, USA",@XHNews @ChinaDailyUSA @ChineseGov @USNavy @PDChina @USMC @JapanEmbDC @realDonaldTrump WE MUST FIND HIDDEN VOLT$$$$$ https://t.co/g6ZOSz3cG1,negative
Sat Mar 11 22:22:54 +0000 2017,Puerto Rico,i am not worthy for ur beauty https://t.co/UrnwYzFJxl,negative
Sat Mar 11 22:23:26 +0000 2017,"Puerto Rico, USA",@XHNews @ChinaDailyUSA @ChineseGov @USNavy @PDChina @USMC @JapanEmbDC @realDonaldTrump WAR CAMPAIGN MONEY VOLT$$$$$$ https://t.co/udAe8IyHTC,negative
Sat Mar 11 22:24:39 +0000 2017,"Westcoast , Puerto Rico ","*Sale Disenchanted*

*Yo empiezo a gritar toda la letra, hacer air guitar y a usar todo como una bateria* #BestSong",negative
Sat Mar 11 22:52:18 +0000 2017,"Hato Rey, Puerto Rico.","RT @EarnKnowledge: Believe it or not, This is oil painting by Teresa Elliot: https://t.co/mZFi5MMoM6",negative
Sat Mar 11 22:52:47 +0000 2017,"Cupey, Puerto Rico","RT @EarnKnowledge: Believe it or not, This is oil painting by Teresa Elliot: https://t.co/mZFi5MMoM6",negative
Sat Mar 11 22:53:04 +0000 2017,"Caguas, Puerto Rico","RT @EarnKnowledge: Believe it or not, This is oil painting by Teresa Elliot: https://t.co/mZFi5MMoM6",negative
Sat Mar 11 22:59:07 +0000 2017,Puerto Rico,"RT @SkyeAsiyanbi: Snapchat has been fucking up my battery like crazy. 42% &amp; as soon as I'm on snap, it drops down to 1%",negative
Sat Mar 11 23:26:55 +0000 2017,Puerto Rico,"RT @EarnKnowledge: Believe it or not, This is oil painting by Teresa Elliot: https://t.co/mZFi5MMoM6",negative
Sun Mar 12 00:01:16 +0000 2017,"Barceloneta, Puerto Rico",En un tampon hp y sin gasolina,negative
Sun Mar 12 00:05:09 +0000 2017,"Ponce, Puerto Rico",Semestre* https://t.co/nAsfjqanDs,negative
Sun Mar 12 00:08:28 +0000 2017,Puerto Rico,"RT @TakingFiveHQ: *Gasolina starts playing* 

Friend: don't do it

Me:
https://t.co/oYpGrEAJnb",negative
Sun Mar 12 00:12:15 +0000 2017,puerto rico ,RT @top_theory: can i just get blackout drunk and kidnapped and get dumped in a river somewhere,negative
Sun Mar 12 00:18:08 +0000 2017,"Luquillo, Puerto Rico","RT @EarnKnowledge: Believe it or not, This is oil painting by Teresa Elliot: https://t.co/mZFi5MMoM6",negative
Sun Mar 12 00:52:08 +0000 2017,Puerto Rico,RT @ketzyvnn: con un jevito please https://t.co/GmPJYJPmqs,negative
Sun Mar 12 00:57:07 +0000 2017,Puerto Rico,RT @ketzyvnn: con un jevito please https://t.co/GmPJYJPmqs,negative
Sun Mar 12 12:28:26 +0000 2017,Puerto Rico,"RT @TakingFiveHQ: *Gasolina starts playing* 

Friend: don't do it

Me:
https://t.co/oYpGrEAJnb",negative
Sun Mar 12 12:38:29 +0000 2017,"Carolina, Puerto Rico","RT @TakingFiveHQ: *Gasolina starts playing* 

Friend: don't do it

Me:
https://t.co/oYpGrEAJnb",negative
Sun Mar 12 13:04:35 +0000 2017,Puerto Rico,"Your default setting might be full steam ahead, but even the w... More for Aries https://t.co/APf9RBDuoB",negative
Sun Mar 12 13:05:46 +0000 2017,"Ceiba, Puerto Rico","RT @TakingFiveHQ: *Gasolina starts playing* 

Friend: don't do it

Me:
https://t.co/oYpGrEAJnb",negative
Sun Mar 12 13:33:29 +0000 2017,Rincon/Aguadilla Puerto Rico,"@patrickstarrr I have a routine that only takes me 1 wipe to take out my makeup, secret coconut oil",negative
Sun Mar 12 13:37:12 +0000 2017,"Puerto Rico, USA","Your default setting might be full steam ahead, but even the w... More for Aries https://t.co/KXF6PMFFmG",negative
Sun Mar 12 13:40:58 +0000 2017,Puerto Rico,oil man fuck teen https://t.co/Bw1d7ZRDzV,negative
Sun Mar 12 13:43:14 +0000 2017,Puerto Rico,"Your default setting might be full steam ahead, but even the w... More for Aries https://t.co/Eux5s2cwct",negative
Sun Mar 12 15:19:12 +0000 2017,"Carolina, Puerto Rico",RT @2000sHits: [2004] Daddy Yankee - Gasolina https://t.co/11DradFmaT,negative
Sun Mar 12 22:32:41 +0000 2017,"San Juan, Puerto Rico",Dammit I wanted to draw but my AC's being a piece of shit and now I'm all sweaty and ick... Bluuuh...,negative
Sun Mar 12 22:34:34 +0000 2017,"Caguas, Puerto Rico",RT @hojana_: @Oneill2_ yo siempreee https://t.co/TmMmtEWijE,negative
Sun Mar 12 22:42:16 +0000 2017,Puerto Rico || Hawai'i ,Coconut oil bath &gt;,negative
Sun Mar 12 23:22:08 +0000 2017,Puerto Rico.,RT @parrislyon: when you put the plantain in the oil https://t.co/zUS7qtcc0s,negative
Sun Mar 12 23:22:33 +0000 2017,puerto rico,RT @parrislyon: when you put the plantain in the oil https://t.co/zUS7qtcc0s,negative
Sun Mar 12 23:50:06 +0000 2017,Puerto Rico,el verdadero enchuleee https://t.co/3cDjbHBvC0,negative
Sun Mar 12 23:59:29 +0000 2017,PUERTO RICO,RT @parrislyon: when you put the plantain in the oil https://t.co/zUS7qtcc0s,negative
Mon Mar 13 00:20:44 +0000 2017,"Carolina, Puerto Rico",RT @parrislyon: when you put the plantain in the oil https://t.co/zUS7qtcc0s,negative
Mon Mar 13 00:20:48 +0000 2017,Puerto Rico,RT @parrislyon: when you put the plantain in the oil https://t.co/zUS7qtcc0s,negative
Mon Mar 13 00:22:22 +0000 2017,Puerto Rico,RT @parrislyon: when you put the plantain in the oil https://t.co/zUS7qtcc0s,negative
Mon Mar 13 00:32:59 +0000 2017,"Guaynabo, Puerto Rico","RT @TakingFiveHQ: *Gasolina starts playing* 

Friend: don't do it

Me:
https://t.co/oYpGrEAJnb",negative
Mon Mar 13 00:37:58 +0000 2017,Puerto Rico,"RT @TakingFiveHQ: *Gasolina starts playing* 

Friend: don't do it

Me:
https://t.co/oYpGrEAJnb",negative
Mon Mar 13 00:39:46 +0000 2017,"Torrimar,Guaynabo,Puerto Rico","RT @riptapparel: Buy ""Energy In Disguise"" by @boggsnicolas at https://t.co/EXSiuhfXxu #energy #fuel https://t.co/5mGJkgllQz",negative
Mon Mar 13 00:39:48 +0000 2017,Puerto Rico,"RT @bbtfln: jiyong: girls are so hot
jiyong: guys are hot too oh damn
jiyong: why is everyone so hot
daesung: global warming.",negative
Mon Mar 13 01:04:46 +0000 2017,"Puerto Rico, USA",RT @lyricaIart: Gasoline // Halsey https://t.co/eT3UYdlKQ0,negative
Mon Mar 13 01:07:29 +0000 2017,Puerto Rico,RT @parrislyon: when you put the plantain in the oil https://t.co/zUS7qtcc0s,negative
Mon Mar 13 01:08:19 +0000 2017,Puerto Rico,RT @Nico_Nair: HAHAHAHAHAHAHHAHSA https://t.co/at7qN49Qow,negative
Mon Mar 13 01:11:09 +0000 2017,PUERTO RICO,RT @parrislyon: when you put the plantain in the oil https://t.co/zUS7qtcc0s,negative
Mon Mar 13 01:14:32 +0000 2017,"Dorado, Puerto Rico",RT @parrislyon: when you put the plantain in the oil https://t.co/zUS7qtcc0s,negative
Mon Mar 13 01:15:50 +0000 2017,Puerto Rico,RT @parrislyon: when you put the plantain in the oil https://t.co/zUS7qtcc0s,negative
Mon Mar 13 01:35:26 +0000 2017,Puerto Rico,LMAO @KayxWest when we fry anything https://t.co/jEd21yMcBp,negative
Mon Mar 13 01:36:35 +0000 2017,Puerto Rico,"RT @jinjjarevil: the way seokjin blinks is so adorable 
global warming stops
trees grow 
crime rate decreases https://t.co/Tz5a5alrva",negative
Mon Mar 13 01:38:05 +0000 2017,Puerto Rico,RT @parrislyon: when you put the plantain in the oil https://t.co/zUS7qtcc0s,negative
Mon Mar 13 01:38:16 +0000 2017,Puerto Rico,Bringing this back cuz this is me asf https://t.co/lbR1IAGXDL,negative
Mon Mar 13 01:38:53 +0000 2017,puerto rico ,RT @parrislyon: when you put the plantain in the oil https://t.co/zUS7qtcc0s,negative
Mon Mar 13 01:39:42 +0000 2017,"Puerto Rico, USA",RT @mashable: Trump really doesn't want to face these 21 kids on climate change https://t.co/fSbkUP8lx9 https://t.co/oER0X1Rok0,negative
Mon Mar 13 01:44:56 +0000 2017,Puerto Rico,"RT @TakingFiveHQ: *Gasolina starts playing* 

Friend: don't do it

Me:
https://t.co/oYpGrEAJnb",negative
Mon Mar 13 01:46:56 +0000 2017,"Arecibo, Puerto Rico",RT @parrislyon: when you put the plantain in the oil https://t.co/zUS7qtcc0s,negative
Mon Mar 13 02:13:30 +0000 2017,"Navarro, Puerto Rico",RT @parrislyon: when you put the plantain in the oil https://t.co/zUS7qtcc0s,negative
Mon Mar 13 02:16:22 +0000 2017,puerto rico // colorado,byyye https://t.co/D26bUhlV2R,negative
Mon Mar 13 02:24:46 +0000 2017,"Carolina, Puerto Rico",RT @parrislyon: when you put the plantain in the oil https://t.co/zUS7qtcc0s,negative
Mon Mar 13 02:26:09 +0000 2017,Puerto Rico,RT @parrislyon: when you put the plantain in the oil https://t.co/zUS7qtcc0s,negative
Mon Mar 13 02:26:29 +0000 2017, Puerto Rico ,RT @parrislyon: when you put the plantain in the oil https://t.co/zUS7qtcc0s,negative
Mon Mar 13 02:27:42 +0000 2017,Puerto Rico,RT @parrislyon: when you put the plantain in the oil https://t.co/zUS7qtcc0s,negative
Mon Mar 13 02:28:50 +0000 2017,puerto rico | orlando ,RT @parrislyon: when you put the plantain in the oil https://t.co/zUS7qtcc0s,negative
Mon Mar 13 02:30:00 +0000 2017,"Juncos, Puerto Rico","RT @TakingFiveHQ: *Gasolina starts playing* 

Friend: don't do it

Me:
https://t.co/oYpGrEAJnb",negative
Mon Mar 13 02:31:45 +0000 2017,Puerto Rico ,RT @parrislyon: when you put the plantain in the oil https://t.co/zUS7qtcc0s,negative
Mon Mar 13 02:50:34 +0000 2017,"Puerto Rico, USA",RT @parrislyon: when you put the plantain in the oil https://t.co/zUS7qtcc0s,negative
Mon Mar 13 02:51:56 +0000 2017,Puerto Rico,jajajaja si esta no soy yo https://t.co/XvMu9LVxmT,negative
Mon Mar 13 02:52:21 +0000 2017,"Dorado, Puerto Rico",RT @parrislyon: when you put the plantain in the oil https://t.co/zUS7qtcc0s,negative
Mon Mar 13 02:54:06 +0000 2017,"Barranquitas, Puerto Rico",RT @parrislyon: when you put the plantain in the oil https://t.co/zUS7qtcc0s,negative
Mon Mar 13 02:54:23 +0000 2017,Puerto Rico,RT @parrislyon: when you put the plantain in the oil https://t.co/zUS7qtcc0s,negative
Mon Mar 13 02:55:06 +0000 2017,"Gurabo, Puerto Rico",RT @parrislyon: when you put the plantain in the oil https://t.co/zUS7qtcc0s,negative
Mon Mar 13 02:55:48 +0000 2017,"Dorado, Puerto Rico","RT @appearance: *Gasolina starts playing* Friend: don't do it
Me: https://t.co/kXLlmd537h",negative
Mon Mar 13 02:56:28 +0000 2017,"Cabo Rojo, Puerto Rico",Amen por ese battery low power mode,negative
Mon Mar 13 03:02:48 +0000 2017,"Morovis, Puerto Rico",RT @parrislyon: when you put the plantain in the oil https://t.co/zUS7qtcc0s,negative
Mon Mar 13 03:04:25 +0000 2017,"Caguas, Puerto Rico",RT @parrislyon: when you put the plantain in the oil https://t.co/zUS7qtcc0s,negative
Mon Mar 13 03:05:05 +0000 2017,Puerto Rico,RT @parrislyon: when you put the plantain in the oil https://t.co/zUS7qtcc0s,negative
Mon Mar 13 03:08:48 +0000 2017,"Puerto Rico, USA",RT @parrislyon: when you put the plantain in the oil https://t.co/zUS7qtcc0s,negative
Mon Mar 13 03:10:06 +0000 2017,Puerto Rico,RT @XonEarth: Planet Will Burn Before Corporate Media Covers Climate Change as Existential Threat https://t.co/N6wHh5GkB5,negative
Mon Mar 13 13:12:50 +0000 2017,puerto rico,RT @parrislyon: when you put the plantain in the oil https://t.co/zUS7qtcc0s,negative
Mon Mar 13 13:50:30 +0000 2017,Puerto Rico,RT @parrislyon: when you put the plantain in the oil https://t.co/zUS7qtcc0s,negative
Mon Mar 13 13:51:35 +0000 2017,Puerto Rico,https://t.co/1UXn7wgTBT,negative
Mon Mar 13 13:52:33 +0000 2017,Puerto Rico,RT @NoticentroWAPA: https://t.co/1UXn7wgTBT,negative
Mon Mar 13 13:54:49 +0000 2017,Puerto Rico,RT @parrislyon: when you put the plantain in the oil https://t.co/zUS7qtcc0s,negative
Mon Mar 13 13:55:12 +0000 2017,Puerto Rico,RT @parrislyon: when you put the plantain in the oil https://t.co/zUS7qtcc0s,negative
Mon Mar 13 13:56:18 +0000 2017,"Puerto Rico, USA",RT @parrislyon: when you put the plantain in the oil https://t.co/zUS7qtcc0s,negative
Mon Mar 13 13:57:41 +0000 2017,PUERTO RICO ,RT @parrislyon: when you put the plantain in the oil https://t.co/zUS7qtcc0s,negative
Mon Mar 13 14:27:28 +0000 2017,"Guaynabo, Puerto Rico, USA ",RT @NoticentroWAPA: https://t.co/1UXn7wgTBT,negative
Mon Mar 13 14:29:22 +0000 2017,Puerto Rico,nude pictures of girls in coal city il #desi college girls nudes photogallery https://t.co/tzyviXqW62,negative
Mon Mar 13 14:30:24 +0000 2017,Puerto Rico,RT @parrislyon: when you put the plantain in the oil https://t.co/zUS7qtcc0s,negative
Mon Mar 13 14:31:06 +0000 2017,"Dorado, Puerto Rico",RT @parrislyon: when you put the plantain in the oil https://t.co/zUS7qtcc0s,negative
Mon Mar 13 14:31:27 +0000 2017,"Dorado, Puerto Rico",Esto es tu madre @PinguinsGalore https://t.co/Hp1zGSd8hZ,negative
Mon Mar 13 14:31:31 +0000 2017,"Dorado, Puerto Rico",RT @parrislyon: when you put the plantain in the oil https://t.co/zUS7qtcc0s,negative
Mon Mar 13 14:56:52 +0000 2017,Puerto Rico,RT @parrislyon: when you put the plantain in the oil https://t.co/zUS7qtcc0s,negative
Mon Mar 13 14:58:36 +0000 2017,Puerto Rico - New York,RT @parrislyon: when you put the plantain in the oil https://t.co/zUS7qtcc0s,negative
Mon Mar 13 14:58:46 +0000 2017,"Guaynabo, Puerto Rico",RT @parrislyon: when you put the plantain in the oil https://t.co/zUS7qtcc0s,negative
Mon Mar 13 15:03:28 +0000 2017,"Garrochales, Puerto Rico",RT @parrislyon: when you put the plantain in the oil https://t.co/zUS7qtcc0s,negative
Mon Mar 13 15:09:38 +0000 2017,"Carolina, Puerto Rico",RT @parrislyon: when you put the plantain in the oil https://t.co/zUS7qtcc0s,negative
Mon Mar 13 15:10:33 +0000 2017,Puerto Rico,RT @parrislyon: when you put the plantain in the oil https://t.co/zUS7qtcc0s,negative
Mon Mar 13 15:17:31 +0000 2017,"Guayama, Puerto Rico",RT @parrislyon: when you put the plantain in the oil https://t.co/zUS7qtcc0s,negative
Mon Mar 13 15:28:08 +0000 2017,"Isabela, Puerto Rico",RT @parrislyon: when you put the plantain in the oil https://t.co/zUS7qtcc0s,negative
Mon Mar 13 16:13:25 +0000 2017,Puerto Rico,RT @parrislyon: when you put the plantain in the oil https://t.co/zUS7qtcc0s,negative
Mon Mar 13 16:13:48 +0000 2017,"Puerto Rico, USA",RT @parrislyon: when you put the plantain in the oil https://t.co/zUS7qtcc0s,negative
Mon Mar 13 16:15:57 +0000 2017,"Navarro, Puerto Rico",RT @parrislyon: when you put the plantain in the oil https://t.co/zUS7qtcc0s,negative
Mon Mar 13 16:16:16 +0000 2017,Puerto Rico ,RT @parrislyon: when you put the plantain in the oil https://t.co/zUS7qtcc0s,negative
Mon Mar 13 16:17:07 +0000 2017,Puerto Rico,RT @parrislyon: when you put the plantain in the oil https://t.co/zUS7qtcc0s,negative
Mon Mar 13 16:18:15 +0000 2017,Puerto Rico,RT @parrislyon: when you put the plantain in the oil https://t.co/zUS7qtcc0s,negative
Mon Mar 13 16:21:23 +0000 2017,"Puerto Rico, USA",RT @parrislyon: when you put the plantain in the oil https://t.co/zUS7qtcc0s,negative
Mon Mar 13 16:21:23 +0000 2017,Puerto Rico,"Even with the addition of Boogie, Alvin Gentry is on the list of coaches on the hot seat https://t.co/SK3XU8ZDwb https://t.co/XHMR7JIpa1",negative
Mon Mar 13 17:58:49 +0000 2017,Puerto Rico,My computer's battery life doesn't meet my binging needs,negative
Mon Mar 13 17:59:02 +0000 2017,Puerto Rico,RT @parrislyon: when you put the plantain in the oil https://t.co/zUS7qtcc0s,negative
Mon Mar 13 18:01:52 +0000 2017,Puerto Rico,RT @parrislyon: when you put the plantain in the oil https://t.co/zUS7qtcc0s,negative
Mon Mar 13 18:03:11 +0000 2017,Puerto Rico,RT @parrislyon: when you put the plantain in the oil https://t.co/zUS7qtcc0s,negative
Mon Mar 13 18:04:09 +0000 2017,puerto rico ,RT @parrislyon: when you put the plantain in the oil https://t.co/zUS7qtcc0s,negative
Mon Mar 13 18:35:34 +0000 2017,Puerto Rico,RT @parrislyon: when you put the plantain in the oil https://t.co/zUS7qtcc0s,negative
Mon Mar 13 18:40:30 +0000 2017,Puerto Rico/Fandom Hell,RT @parrislyon: when you put the plantain in the oil https://t.co/zUS7qtcc0s,negative
Mon Mar 13 18:43:05 +0000 2017,"Puerto Rico, USA","""40% de la gasolina es diesel""
                           -Nilsuany",negative
Mon Mar 13 18:43:05 +0000 2017,"Puerto Rico, USA","""40% de la gasolina es diesel""
                           -Nilsuany",negative
Mon Mar 13 18:44:35 +0000 2017,"Puerto Rico, USA",RT @_Neidymar_: JAJAJAJ DUROOO BEBAA  @viera_lee https://t.co/uSJ5wvwU9V,negative
Mon Mar 13 18:48:04 +0000 2017,"Trujillo Alto, Puerto Rico",RT @parrislyon: when you put the plantain in the oil https://t.co/zUS7qtcc0s,negative
Mon Mar 13 19:13:35 +0000 2017,Puerto Rico,RT @parrislyon: when you put the plantain in the oil https://t.co/zUS7qtcc0s,negative
Mon Mar 13 19:22:21 +0000 2017,Puerto Rico,RT @parrislyon: when you put the plantain in the oil https://t.co/zUS7qtcc0s,negative
Mon Mar 13 19:23:33 +0000 2017,Puerto Rico,RT @parrislyon: when you put the plantain in the oil https://t.co/zUS7qtcc0s,negative
Mon Mar 13 21:11:07 +0000 2017,Puerto Rico,RT BleacherReport: Iggy fined $10k for inappropriate comments to media https://t.co/oXmRASpzb7 https://t.co/MldcGTr0sm,negative
Mon Mar 13 21:11:20 +0000 2017,Puerto Rico,Iggy fined $10k for inappropriate comments to media https://t.co/oXmRASpzb7 https://t.co/MldcGTr0sm,negative
Mon Mar 13 21:12:45 +0000 2017,Puerto Rico,RT @parrislyon: when you put the plantain in the oil https://t.co/zUS7qtcc0s,negative
Mon Mar 13 21:17:34 +0000 2017,"El Paraiso, Puerto Rico",RT @parrislyon: when you put the plantain in the oil https://t.co/zUS7qtcc0s,negative
Mon Mar 13 21:22:42 +0000 2017,Puerto Rico,RT @parrislyon: when you put the plantain in the oil https://t.co/zUS7qtcc0s,negative
Mon Mar 13 21:25:37 +0000 2017,"Vega Baja, Puerto Rico",RT @BobeOficial: farruko https://t.co/fw53s1CaIw,negative
Mon Mar 13 21:26:15 +0000 2017,"Guaynabo, Puerto Rico",RT @BleacherReport: Iggy fined $10k for inappropriate comments to media https://t.co/f4rQhi4jzR https://t.co/PhHCiWlMzR,negative
Tue Mar 14 15:28:19 +0000 2017,"Trujillo Alto, Puerto Rico",RT @ryan_oneill15: Tu eres un welebicho https://t.co/Mfvbo9wBdN,negative
Tue Mar 14 15:56:43 +0000 2017,"Aguas Buenas, Puerto Rico",RT @robalejandro97: porque tienes que mirar mas arriba para vernos. https://t.co/PejoHOH4gS,negative
Tue Mar 14 15:57:45 +0000 2017,"Cayey/Las Piedras, Puerto rico",RT @robalejandro97: porque tienes que mirar mas arriba para vernos. https://t.co/PejoHOH4gS,negative
Tue Mar 14 15:58:54 +0000 2017,Puerto Rico,"RT @MONEY: U.S. crude oil prices fall below $50 for the first time In 2017
https://t.co/Q6uXSmdjze https://t.co/YSxrwKAHAR",negative
Tue Mar 14 16:04:13 +0000 2017,"Caguas, Puerto Rico",RT @robalejandro97: porque tienes que mirar mas arriba para vernos. https://t.co/PejoHOH4gS,negative
Tue Mar 14 16:06:28 +0000 2017,Puerto Rico,"RT BleacherReport: The numbers don't lie...

Top 5 worst defenders at every position https://t.co/VVP5rhVY3J https://t.co/PJd5EnIdJf",negative
Tue Mar 14 16:06:28 +0000 2017,Puerto Rico,"The numbers don't lie...

Top 5 worst defenders at every position https://t.co/VVP5rhVY3J https://t.co/PJd5EnIdJf",negative
Tue Mar 14 16:07:32 +0000 2017,"Puerto Rico, USA","Even IF we have no effect on climate change, should we ignore the inevitable threat that is climate change? 

https://t.co/E12IZHVeTB",negative
Tue Mar 14 16:30:06 +0000 2017,Puerto Rico ,RT @parrislyon: when you put the plantain in the oil https://t.co/zUS7qtcc0s,negative
Tue Mar 14 17:04:02 +0000 2017,Puerto Rico,RT @041_kelvin: La bateria del iphone 7+ es lo mejor que me pudo pasar.,negative
Tue Mar 14 17:32:46 +0000 2017,Puerto Rico,"@SchalaAsha I'm locked in my room with the ac aimed right at me, I'll take all the cold",negative
Tue Mar 14 17:37:57 +0000 2017,Puerto Rico ,RT @LargePeas: because hes fucking dead https://t.co/KrV8lTF8gD,negative
Tue Mar 14 17:38:05 +0000 2017,"Puerto Rico, USA","RT @master_usmle: Metabolic acidosis: causes
KUSSMAL:
Ketoacidosis
Uraemia
Sepsis
Salicylates
Methanol
Alcohol
Lactic acidosis",negative
Tue Mar 14 17:57:02 +0000 2017,"Ceiba, Puerto Rico",RT @041_kelvin: La bateria del iphone 7+ es lo mejor que me pudo pasar.,negative
Tue Mar 14 18:08:45 +0000 2017,Puerto Rico,ni dar explicaciones! ni discutir! https://t.co/FGFjvFlgho,negative
Tue Mar 14 18:26:46 +0000 2017,"Puerto Rico, USA",el mejor equipo de baseball puerto rico ariba boricua num 1 https://t.co/aZxOsfO2BG,negative
Tue Mar 14 19:06:48 +0000 2017,Puerto Rico,"Despite the polarizing reaction, the Pro Hijab is huge for Muslim women https://t.co/JboR48saHB https://t.co/gw4y3hnitq",negative
Wed Mar 15 14:12:04 +0000 2017,Puerto Rico,RT @EmbaCubaUS: Solar Photovoltaic Energy: Great potential for growth https://t.co/7MMrMuGQ41 #Cuba,negative
Wed Mar 15 14:16:14 +0000 2017,Puerto Rico,Martellus Bennett heading to the Packers and other moves that caught us off guard https://t.co/3bVEEntJLI https://t.co/7q72ZFEP6T,negative
Wed Mar 15 14:46:15 +0000 2017,Puerto Rico,Dr. J named head coach in BIG3 League https://t.co/89kdoeaPdY https://t.co/yF9ZL3cOpw,negative
Wed Mar 15 14:51:29 +0000 2017,Puerto Rico,RT BleacherReport: Dr. J named head coach in BIG3 League https://t.co/89kdoeaPdY https://t.co/yF9ZL3cOpw,negative
Wed Mar 15 15:40:08 +0000 2017,"Ponce, Puerto Rico",Me quede sin bateria y la pantalla se fue a negro. Sigo ahora. Grax.,negative
Wed Mar 15 16:09:21 +0000 2017,"Puerto Rico, USA","Breathtaking. From Sprouts! LLC
Greens for my side dish. 
Hitting a hot pan of garlic and olive oil...sea salt... https://t.co/RhP8jW6zIi",negative
Wed Mar 15 16:13:00 +0000 2017,"Las Piedras, Puerto Rico",RT @SenSanders: This West Virginia coal miner who voted for Trump agrees: We need universal health care. https://t.co/ADOpncSzgf,negative
Wed Mar 15 16:43:21 +0000 2017,Puerto Rico,"RT @cnnhealth: Climate change will threaten mental health, experts say: https://t.co/1p7v7HX1bY https://t.co/RGdnAUBZId",negative
Wed Mar 15 17:32:27 +0000 2017,Puerto Rico,Interesante... https://t.co/XMTE5K9zU8,negative
Wed Mar 15 18:07:22 +0000 2017,Puerto Rico,"To keep the Great Barrier Reef alive, the oceans must be cooler https://t.co/iq35Wod1C9 https://t.co/DGG3yXysWo",negative
Wed Mar 15 18:07:23 +0000 2017,Puerto Rico,Smoggy in Beijing? A lack of Arctic sea ice may be to blame https://t.co/3vGzhzRUYH https://t.co/97DYo2EmWp,negative
Wed Mar 15 20:06:07 +0000 2017,Puerto Rico,He threw 110 mph off a crow hop and 105 mph in a game...so 107 mph seems doable https://t.co/vu7tQlDk3O https://t.co/EZ9qyVPEy7,negative
Thu Mar 16 01:25:38 +0000 2017,"Caguas | Ponce, Puerto Rico",RT @BleacherReport: AL West rivals take their beef to Twitter https://t.co/BMHoqsH0p6 https://t.co/nUtdx84laP,negative
Thu Mar 16 01:57:21 +0000 2017,Puerto Rico,Le pusieron gasolina a elettra y esta entregada bailando jajajaaa esta loca por hacer twerking jaja #bbbdirecto,negative
Thu Mar 16 15:19:38 +0000 2017,Puerto Rico,"#TrumpCuts Ambiental (cont):
-Global Climate Change Initiative
-Great Lakes Restoration Initiative
-Programas regionales de la EPA",negative
Thu Mar 16 15:59:58 +0000 2017,Puerto Rico,RT @Gabriel_Planell: La bateria del celular no me dura na,negative
Thu Mar 16 16:25:56 +0000 2017,Puerto Rico,RT @Akyuristikas1: #itirafediyorum #itirafediyorum #itirafediyorum https://t.co/MakxwdlNjD,negative
Thu Mar 16 16:28:00 +0000 2017,Puerto Rico,RT @Gabriel_Planell: La bateria del celular no me dura na,negative
Thu Mar 16 17:00:37 +0000 2017,"Cayey, Puerto Rico",RT @Gabriel_Planell: La bateria del celular no me dura na,negative
Thu Mar 16 19:29:23 +0000 2017,Puerto Rico,Get Heaven Forest NIGHTS for FREE on https://t.co/aIShZyl84L #orlygift #free #steam #giveaway #indiedev,negative
Thu Mar 16 20:58:27 +0000 2017,Puerto Rico,Vikings confirm AP will not return to Minnesota https://t.co/UdSDLlz2ol https://t.co/JAOWthU6Td,negative
Thu Mar 16 21:17:39 +0000 2017,Puerto Rico,RT @climatetruth: This is horrifying. #ActOnClimate #StandUpForScience https://t.co/t6pjpA5JUA,negative
Thu Mar 16 21:17:39 +0000 2017,Puerto Rico,RT @climatetruth: This is horrifying. #ActOnClimate #StandUpForScience https://t.co/t6pjpA5JUA,negative
Thu Mar 16 21:25:41 +0000 2017,"San Juan, Puerto Rico","""Quiero un hombre detallista"" - (significado) la lleven a comer, le eche gasolina al carro, pague sus cuentas, la saque a pesear, etc",negative
Thu Mar 16 21:25:41 +0000 2017,"San Juan, Puerto Rico","""Quiero un hombre detallista"" - (significado) la lleven a comer, le eche gasolina al carro, pague sus cuentas, la saque a pesear, etc",negative
Thu Mar 16 21:25:41 +0000 2017,"San Juan, Puerto Rico","""Quiero un hombre detallista"" - (significado) la lleven a comer, le eche gasolina al carro, pague sus cuentas, la saque a pesear, etc",negative
Thu Mar 16 21:25:41 +0000 2017,"San Juan, Puerto Rico","""Quiero un hombre detallista"" - (significado) la lleven a comer, le eche gasolina al carro, pague sus cuentas, la saque a pesear, etc",negative
Thu Mar 16 21:48:06 +0000 2017,Puerto Rico,Kevin Love will make his return tonight vs. Jazz https://t.co/7Ut0uxzBDb https://t.co/r38hpwspka,negative
Thu Mar 16 21:49:16 +0000 2017,"San Juan, Puerto Rico",RT @rezaaslan: We can however ask them to pay for Melania to live in a gold plated apartment. https://t.co/v934bXArxR,negative
Thu Mar 16 21:50:21 +0000 2017,Puerto Rico,RT @BleacherReport: Kevin Love will make his return tonight vs. Jazz https://t.co/wpEmmmSuld https://t.co/Jdj3m9IelX,negative
Thu Mar 16 21:53:34 +0000 2017,"Carolina, Puerto Rico","RT @nprscience: Trump's proposed budget slashes money for climate change:
https://t.co/aC2kU3Y536 https://t.co/ug1V8iLaav",negative
Thu Mar 16 21:48:06 +0000 2017,Puerto Rico,Kevin Love will make his return tonight vs. Jazz https://t.co/7Ut0uxzBDb https://t.co/r38hpwspka,negative
Thu Mar 16 21:49:16 +0000 2017,"San Juan, Puerto Rico",RT @rezaaslan: We can however ask them to pay for Melania to live in a gold plated apartment. https://t.co/v934bXArxR,negative
Thu Mar 16 21:50:21 +0000 2017,Puerto Rico,RT @BleacherReport: Kevin Love will make his return tonight vs. Jazz https://t.co/wpEmmmSuld https://t.co/Jdj3m9IelX,negative
Thu Mar 16 21:53:34 +0000 2017,"Carolina, Puerto Rico","RT @nprscience: Trump's proposed budget slashes money for climate change:
https://t.co/aC2kU3Y536 https://t.co/ug1V8iLaav",negative
Thu Mar 16 21:53:34 +0000 2017,"Carolina, Puerto Rico","RT @nprscience: Trump's proposed budget slashes money for climate change:
https://t.co/aC2kU3Y536 https://t.co/ug1V8iLaav",negative
Thu Mar 16 22:21:50 +0000 2017,"San Juan, Puerto Rico",RT @PJDunleavy: Google Scholar is a serious alternative to Web of Science https://t.co/lhA5DiJJxN,negative
Thu Mar 16 22:26:44 +0000 2017,Puerto Rico,Necesito uno y soy feliz!!! https://t.co/LZ8t6BfVPc,negative
Thu Mar 16 22:21:50 +0000 2017,"San Juan, Puerto Rico",RT @PJDunleavy: Google Scholar is a serious alternative to Web of Science https://t.co/lhA5DiJJxN,negative
Thu Mar 16 22:28:14 +0000 2017,Puerto Rico,"@StevenPeyo11 literal, como si la gasolina fuera gratis!",negative
Thu Mar 16 22:26:44 +0000 2017,Puerto Rico,Necesito uno y soy feliz!!! https://t.co/LZ8t6BfVPc,negative
Thu Mar 16 22:26:44 +0000 2017,Puerto Rico,Necesito uno y soy feliz!!! https://t.co/LZ8t6BfVPc,negative
Thu Mar 16 22:28:14 +0000 2017,Puerto Rico,"@StevenPeyo11 literal, como si la gasolina fuera gratis!",negative
Thu Mar 16 22:28:14 +0000 2017,Puerto Rico,"@StevenPeyo11 literal, como si la gasolina fuera gratis!",negative
Thu Mar 16 22:31:00 +0000 2017,"en el carajo, Puerto Rico",Vamos a parecer una bateria duracel https://t.co/XV2BFtisXg,negative
Thu Mar 16 22:56:10 +0000 2017,Puerto Rico,"Right in the nostalgia, can't wait to get this game!! https://t.co/sJpFPxu4wq",negative
Thu Mar 16 22:57:29 +0000 2017,Puerto Rico,RT @Gabriel_Planell: La bateria del celular no me dura na,negative
Thu Mar 16 22:58:43 +0000 2017,"Arecibo, Puerto Rico ",RT @Gabriel_Planell: La bateria del celular no me dura na,negative
Thu Mar 16 22:56:10 +0000 2017,Puerto Rico,"Right in the nostalgia, can't wait to get this game!! https://t.co/sJpFPxu4wq",negative
Thu Mar 16 22:58:43 +0000 2017,"Arecibo, Puerto Rico ",RT @Gabriel_Planell: La bateria del celular no me dura na,negative
Thu Mar 16 22:57:29 +0000 2017,Puerto Rico,RT @Gabriel_Planell: La bateria del celular no me dura na,negative
Thu Mar 16 22:58:43 +0000 2017,"Arecibo, Puerto Rico ",RT @Gabriel_Planell: La bateria del celular no me dura na,negative
Fri Mar 17 00:01:52 +0000 2017,"Dorado,Puerto Rico",@alicamille94 diantre eso es lo peor gastar gasolina innecesariamente!,negative
Fri Mar 17 00:01:52 +0000 2017,"Dorado,Puerto Rico",@alicamille94 diantre eso es lo peor gastar gasolina innecesariamente!,negative
Fri Mar 17 00:01:52 +0000 2017,"Dorado,Puerto Rico",@alicamille94 diantre eso es lo peor gastar gasolina innecesariamente!,negative
Fri Mar 17 00:30:10 +0000 2017,Puerto Rico and Florida,@JohnMoralesNBC6 Just saw a video of Trump administration's budget director saying using federal $ for global warming studies is a waste.,negative
Fri Mar 17 00:30:10 +0000 2017,Puerto Rico and Florida,@JohnMoralesNBC6 Just saw a video of Trump administration's budget director saying using federal $ for global warming studies is a waste.,negative
Fri Mar 17 01:07:46 +0000 2017,"Cupey, Puerto Rico",el olor del sharpie hand sanitizer y gasolina mmmmmme encanta jajjaa,negative
Fri Mar 17 01:08:11 +0000 2017,"Vega Baja, Puerto Rico",RT @Highhsanti: el olor del sharpie hand sanitizer y gasolina mmmmmme encanta jajjaa,negative
Fri Mar 17 01:08:16 +0000 2017,Puerto Rico,RT @Highhsanti: el olor del sharpie hand sanitizer y gasolina mmmmmme encanta jajjaa,negative
Fri Mar 17 01:07:46 +0000 2017,"Cupey, Puerto Rico",el olor del sharpie hand sanitizer y gasolina mmmmmme encanta jajjaa,negative
Fri Mar 17 01:08:11 +0000 2017,"Vega Baja, Puerto Rico",RT @Highhsanti: el olor del sharpie hand sanitizer y gasolina mmmmmme encanta jajjaa,negative
Fri Mar 17 01:08:16 +0000 2017,Puerto Rico,RT @Highhsanti: el olor del sharpie hand sanitizer y gasolina mmmmmme encanta jajjaa,negative
Fri Mar 17 01:08:44 +0000 2017,"Yauco, Puerto Rico",RT @Highhsanti: el olor del sharpie hand sanitizer y gasolina mmmmmme encanta jajjaa,negative
Fri Mar 17 01:09:00 +0000 2017,Puerto Rico ,RT @Highhsanti: el olor del sharpie hand sanitizer y gasolina mmmmmme encanta jajjaa,negative
Fri Mar 17 01:10:27 +0000 2017,Puerto Rico,same same same same https://t.co/8CPeHKqz3M,negative
Fri Mar 17 01:28:22 +0000 2017,Puerto Rico,RT @Highhsanti: el olor del sharpie hand sanitizer y gasolina mmmmmme encanta jajjaa,negative
Fri Mar 17 01:28:37 +0000 2017,"Morovis, Puerto Rico",RT @Highhsanti: el olor del sharpie hand sanitizer y gasolina mmmmmme encanta jajjaa,negative
Fri Mar 17 01:31:09 +0000 2017,"San Juan, Puerto Rico",RT @techedvocate: 5 Ways to Teach Digital Citizenship to Your Students https://t.co/WhGjwSt5UZ #edtech #steam https://t.co/DdKYECataZ,negative
Fri Mar 17 01:28:22 +0000 2017,Puerto Rico,RT @Highhsanti: el olor del sharpie hand sanitizer y gasolina mmmmmme encanta jajjaa,negative
Fri Mar 17 01:28:37 +0000 2017,"Morovis, Puerto Rico",RT @Highhsanti: el olor del sharpie hand sanitizer y gasolina mmmmmme encanta jajjaa,negative
Fri Mar 17 01:36:30 +0000 2017,"Arroyo, Puerto Rico","RT @yxungliu: Acho el de hand sinitizer no brega, los otros si tho https://t.co/aY1zG4nEi4",negative
Fri Mar 17 01:31:09 +0000 2017,"San Juan, Puerto Rico",RT @techedvocate: 5 Ways to Teach Digital Citizenship to Your Students https://t.co/WhGjwSt5UZ #edtech #steam https://t.co/DdKYECataZ,negative
Fri Mar 17 01:37:26 +0000 2017,"Ponce, Puerto Rico",RT @thehill: JUST IN: Trump to name coal lobbyist as deputy EPA chief https://t.co/wIAIS8inB5 https://t.co/QgAb6OrUGu,negative
Fri Mar 17 01:37:27 +0000 2017,"Guayama, Puerto Rico",RT @Highhsanti: el olor del sharpie hand sanitizer y gasolina mmmmmme encanta jajjaa,negative
Fri Mar 17 01:40:04 +0000 2017,"Puerto Rico, USA",RT @Highhsanti: el olor del sharpie hand sanitizer y gasolina mmmmmme encanta jajjaa,negative
Fri Mar 17 01:36:30 +0000 2017,"Arroyo, Puerto Rico","RT @yxungliu: Acho el de hand sinitizer no brega, los otros si tho https://t.co/aY1zG4nEi4",negative
Fri Mar 17 01:37:26 +0000 2017,"Ponce, Puerto Rico",RT @thehill: JUST IN: Trump to name coal lobbyist as deputy EPA chief https://t.co/wIAIS8inB5 https://t.co/QgAb6OrUGu,negative
Fri Mar 17 01:37:27 +0000 2017,"Guayama, Puerto Rico",RT @Highhsanti: el olor del sharpie hand sanitizer y gasolina mmmmmme encanta jajjaa,negative
Fri Mar 17 01:40:04 +0000 2017,"Puerto Rico, USA",RT @Highhsanti: el olor del sharpie hand sanitizer y gasolina mmmmmme encanta jajjaa,negative
Fri Mar 17 01:40:04 +0000 2017,"Puerto Rico, USA",RT @Highhsanti: el olor del sharpie hand sanitizer y gasolina mmmmmme encanta jajjaa,negative
Fri Mar 17 01:42:14 +0000 2017,"Fajardo, Puerto Rico",RT @Highhsanti: el olor del sharpie hand sanitizer y gasolina mmmmmme encanta jajjaa,negative
Fri Mar 17 01:42:57 +0000 2017,"Salinas, Puerto Rico",RT @Highhsanti: el olor del sharpie hand sanitizer y gasolina mmmmmme encanta jajjaa,negative
Fri Mar 17 02:04:15 +0000 2017,Puerto Rico,RT @Highhsanti: el olor del sharpie hand sanitizer y gasolina mmmmmme encanta jajjaa,negative
Fri Mar 17 02:05:17 +0000 2017,Puerto Rico,"RT @TakingFiveHQ: *Gasolina starts playing* 

Friend: don't do it

Me:
https://t.co/oYpGrEAJnb",negative
Fri Mar 17 02:04:15 +0000 2017,Puerto Rico,RT @Highhsanti: el olor del sharpie hand sanitizer y gasolina mmmmmme encanta jajjaa,negative
Fri Mar 17 02:05:17 +0000 2017,Puerto Rico,"RT @TakingFiveHQ: *Gasolina starts playing* 

Friend: don't do it

Me:
https://t.co/oYpGrEAJnb",negative
Fri Mar 17 02:26:20 +0000 2017,"Guaraguao Abajo, Puerto Rico",RT @DanSlott: Great. Now even our AIR is screwed. https://t.co/WnWVXaJZ6O,negative
Fri Mar 17 02:28:59 +0000 2017,"Cayey, Puerto Rico",RT @Highhsanti: el olor del sharpie hand sanitizer y gasolina mmmmmme encanta jajjaa,negative
Fri Mar 17 02:26:20 +0000 2017,"Guaraguao Abajo, Puerto Rico",RT @DanSlott: Great. Now even our AIR is screwed. https://t.co/WnWVXaJZ6O,negative
Fri Mar 17 02:28:59 +0000 2017,"Cayey, Puerto Rico",RT @Highhsanti: el olor del sharpie hand sanitizer y gasolina mmmmmme encanta jajjaa,negative
Fri Mar 17 02:34:16 +0000 2017,Puerto Rico ,RT @Highhsanti: el olor del sharpie hand sanitizer y gasolina mmmmmme encanta jajjaa,negative
Fri Mar 17 02:34:31 +0000 2017,"Guayama/Salinas, Puerto Rico",RT @Highhsanti: el olor del sharpie hand sanitizer y gasolina mmmmmme encanta jajjaa,negative
Fri Mar 17 02:34:48 +0000 2017,de puerto rico pal mundo,RT @Highhsanti: el olor del sharpie hand sanitizer y gasolina mmmmmme encanta jajjaa,negative
Fri Mar 17 02:26:20 +0000 2017,"Guaraguao Abajo, Puerto Rico",RT @DanSlott: Great. Now even our AIR is screwed. https://t.co/WnWVXaJZ6O,negative
Fri Mar 17 02:28:59 +0000 2017,"Cayey, Puerto Rico",RT @Highhsanti: el olor del sharpie hand sanitizer y gasolina mmmmmme encanta jajjaa,negative
Fri Mar 17 02:34:16 +0000 2017,Puerto Rico ,RT @Highhsanti: el olor del sharpie hand sanitizer y gasolina mmmmmme encanta jajjaa,negative
Fri Mar 17 02:34:31 +0000 2017,"Guayama/Salinas, Puerto Rico",RT @Highhsanti: el olor del sharpie hand sanitizer y gasolina mmmmmme encanta jajjaa,negative
Fri Mar 17 02:34:48 +0000 2017,de puerto rico pal mundo,RT @Highhsanti: el olor del sharpie hand sanitizer y gasolina mmmmmme encanta jajjaa,negative
Fri Mar 17 02:40:54 +0000 2017,"Juncos, Puerto Rico",RT @Highhsanti: el olor del sharpie hand sanitizer y gasolina mmmmmme encanta jajjaa,negative
Fri Mar 17 02:48:15 +0000 2017,"Carolina, Puerto Rico",RT @Highhsanti: el olor del sharpie hand sanitizer y gasolina mmmmmme encanta jajjaa,negative
Fri Mar 17 02:50:26 +0000 2017,Puerto Rico,RT @Joanelys_23: Fooooo yo lo odio https://t.co/VQJJCCkLU9,negative
Fri Mar 17 02:48:15 +0000 2017,"Carolina, Puerto Rico",RT @Highhsanti: el olor del sharpie hand sanitizer y gasolina mmmmmme encanta jajjaa,negative
Fri Mar 17 02:53:41 +0000 2017,"Puerto Rico, USA",RT @Highhsanti: el olor del sharpie hand sanitizer y gasolina mmmmmme encanta jajjaa,negative
Fri Mar 17 02:56:23 +0000 2017,"Puerto Rico, USA",#NowPlaying Gasolina by Daddy Yankee #ChippahRadio #Listen https://t.co/2o8A5Gwlph https://t.co/RJxH0Wd9yW,negative
Fri Mar 17 02:56:48 +0000 2017,"Ponce, Puerto Rico",RT @Highhsanti: el olor del sharpie hand sanitizer y gasolina mmmmmme encanta jajjaa,negative
Fri Mar 17 02:58:18 +0000 2017,"Vega Alta, Puerto Rico",RT @Highhsanti: el olor del sharpie hand sanitizer y gasolina mmmmmme encanta jajjaa,negative
Fri Mar 17 02:53:41 +0000 2017,"Puerto Rico, USA",RT @Highhsanti: el olor del sharpie hand sanitizer y gasolina mmmmmme encanta jajjaa,negative
Fri Mar 17 02:56:23 +0000 2017,"Puerto Rico, USA",#NowPlaying Gasolina by Daddy Yankee #ChippahRadio #Listen https://t.co/2o8A5Gwlph https://t.co/RJxH0Wd9yW,negative
Fri Mar 17 02:56:48 +0000 2017,"Ponce, Puerto Rico",RT @Highhsanti: el olor del sharpie hand sanitizer y gasolina mmmmmme encanta jajjaa,negative
Fri Mar 17 02:58:18 +0000 2017,"Vega Alta, Puerto Rico",RT @Highhsanti: el olor del sharpie hand sanitizer y gasolina mmmmmme encanta jajjaa,negative
Fri Mar 17 03:10:53 +0000 2017,"Dorado, Puerto Rico",RT @Highhsanti: el olor del sharpie hand sanitizer y gasolina mmmmmme encanta jajjaa,negative
Fri Mar 17 03:12:18 +0000 2017,"Coto Laurel, Puerto Rico",RT @Highhsanti: el olor del sharpie hand sanitizer y gasolina mmmmmme encanta jajjaa,negative
Fri Mar 17 03:10:53 +0000 2017,"Dorado, Puerto Rico",RT @Highhsanti: el olor del sharpie hand sanitizer y gasolina mmmmmme encanta jajjaa,negative
Fri Mar 17 04:14:14 +0000 2017,"Arecibo, Puerto Rico",RT @Highhsanti: el olor del sharpie hand sanitizer y gasolina mmmmmme encanta jajjaa,negative
Fri Mar 17 04:14:14 +0000 2017,"Arecibo, Puerto Rico",RT @Highhsanti: el olor del sharpie hand sanitizer y gasolina mmmmmme encanta jajjaa,negative
Fri Mar 17 04:21:00 +0000 2017,"San Juan, Puerto Rico",RT @Highhsanti: el olor del sharpie hand sanitizer y gasolina mmmmmme encanta jajjaa,negative
Fri Mar 17 04:14:14 +0000 2017,"Arecibo, Puerto Rico",RT @Highhsanti: el olor del sharpie hand sanitizer y gasolina mmmmmme encanta jajjaa,negative
Fri Mar 17 04:21:00 +0000 2017,"San Juan, Puerto Rico",RT @Highhsanti: el olor del sharpie hand sanitizer y gasolina mmmmmme encanta jajjaa,negative
Fri Mar 17 05:05:47 +0000 2017,"Puerto Rico, USA",Peer-Reviewed Survey Finds Majority Of Scientists Skeptical Of Global Warming Crisis https://t.co/XXXDwmtorP,negative
Fri Mar 17 05:05:47 +0000 2017,"Puerto Rico, USA",Peer-Reviewed Survey Finds Majority Of Scientists Skeptical Of Global Warming Crisis https://t.co/XXXDwmtorP,negative
Fri Mar 17 05:38:59 +0000 2017,"Puerto Rico, USA","RT @realDonaldTrump: It's freezing outside, where the hell is ""global warming""??",negative
Fri Mar 17 11:33:24 +0000 2017,"Puerto Rico, USA",RT @TyBeast98: His hand big as shit https://t.co/OEMQKZ3RKb,negative
Fri Mar 17 11:33:24 +0000 2017,"Puerto Rico, USA",RT @TyBeast98: His hand big as shit https://t.co/OEMQKZ3RKb,negative
Fri Mar 17 11:43:08 +0000 2017,Puerto Rico,RT @Highhsanti: el olor del sharpie hand sanitizer y gasolina mmmmmme encanta jajjaa,negative
Fri Mar 17 11:45:22 +0000 2017,"Aguas Buenas, Puerto Rico",RT @Highhsanti: el olor del sharpie hand sanitizer y gasolina mmmmmme encanta jajjaa,negative
Fri Mar 17 11:43:08 +0000 2017,Puerto Rico,RT @Highhsanti: el olor del sharpie hand sanitizer y gasolina mmmmmme encanta jajjaa,negative
Fri Mar 17 11:45:22 +0000 2017,"Aguas Buenas, Puerto Rico",RT @Highhsanti: el olor del sharpie hand sanitizer y gasolina mmmmmme encanta jajjaa,negative
Fri Mar 17 11:50:07 +0000 2017,Puerto Rico,Hallan restos de un misil Hellfire: Rusia exige que EE.UU. explique el bombardeo de un pueblo sirio https://t.co/2CjIJju1AM,negative
Fri Mar 17 11:53:19 +0000 2017,"Puerto Rico, USA",RT @jeseijo: Hallan restos de un misil Hellfire: Rusia exige que EE.UU. explique el bombardeo de un pueblo sirio https://t.co/2CjIJju1AM,negative
Fri Mar 17 11:56:21 +0000 2017,Puerto Rico,Omg bts is gonna sing Gasolina,negative
Fri Mar 17 11:43:08 +0000 2017,Puerto Rico,RT @Highhsanti: el olor del sharpie hand sanitizer y gasolina mmmmmme encanta jajjaa,negative
Fri Mar 17 11:45:22 +0000 2017,"Aguas Buenas, Puerto Rico",RT @Highhsanti: el olor del sharpie hand sanitizer y gasolina mmmmmme encanta jajjaa,negative
Fri Mar 17 11:50:07 +0000 2017,Puerto Rico,Hallan restos de un misil Hellfire: Rusia exige que EE.UU. explique el bombardeo de un pueblo sirio https://t.co/2CjIJju1AM,negative
Fri Mar 17 11:53:19 +0000 2017,"Puerto Rico, USA",RT @jeseijo: Hallan restos de un misil Hellfire: Rusia exige que EE.UU. explique el bombardeo de un pueblo sirio https://t.co/2CjIJju1AM,negative
Fri Mar 17 12:05:15 +0000 2017,puerto rico ,@upyoursdude We had fun on our drive over there and my battery was intact. It didn't take much of it like I thought it was going to do.,negative
Fri Mar 17 12:08:33 +0000 2017,Puerto Rico,mezcla* https://t.co/eldChWIx3A,negative
Fri Mar 17 12:05:15 +0000 2017,puerto rico ,@upyoursdude We had fun on our drive over there and my battery was intact. It didn't take much of it like I thought it was going to do.,negative
Fri Mar 17 12:08:33 +0000 2017,Puerto Rico,mezcla* https://t.co/eldChWIx3A,negative
Fri Mar 17 13:02:31 +0000 2017,"Arecibo, Puerto Rico",RT @Gabriel_Planell: La bateria del celular no me dura na,negative
Fri Mar 17 13:02:31 +0000 2017,"Arecibo, Puerto Rico",RT @Gabriel_Planell: La bateria del celular no me dura na,negative
Fri Mar 17 13:12:36 +0000 2017,Puerto Rico,Florida Expo 2017  See you there! https://t.co/4tEJzlSqzv,negative
Fri Mar 17 13:12:36 +0000 2017,Puerto Rico,Florida Expo 2017  See you there! https://t.co/4tEJzlSqzv,negative
Fri Mar 17 13:29:56 +0000 2017,Puerto Rico,"A ley de una victoria Hatillo Viejo para lograr el Three-Peat
https://t.co/4w8HVhwuA2 https://t.co/6SL0xwIvX4",negative
Fri Mar 17 13:43:13 +0000 2017,"Puerto Rico, USA",steam_games: Now Available on Steam - Kona #SteamNewRelease https://t.co/75w8jTHBqm https://t.co/1zGfMG6uZ0,negative
Fri Mar 17 13:43:13 +0000 2017,"Puerto Rico, USA",steam_games: Now Available on Steam - Kona #SteamNewRelease https://t.co/75w8jTHBqm https://t.co/1zGfMG6uZ0,negative
Fri Mar 17 16:27:34 +0000 2017,"Puerto Rico, USA",RT @Highhsanti: el olor del sharpie hand sanitizer y gasolina mmmmmme encanta jajjaa,negative
Fri Mar 17 16:29:02 +0000 2017,"Yauco, Puerto Rico",RT @rosanaed: Y les dura la gasolina https://t.co/EzNWsb0i1X,negative
Fri Mar 17 16:30:36 +0000 2017,"Carolina, Puerto Rico","Gasolina como que no, los otros dos son satisfactorios https://t.co/6Kn7LLBmfZ",negative
Fri Mar 17 16:32:22 +0000 2017,"Caguas, Puerto Rico",My car battery is dead just my luck lol!!,negative
Fri Mar 17 16:32:29 +0000 2017,"Cupey, Puerto Rico","RT @_michelya: Gasolina como que no, los otros dos son satisfactorios https://t.co/6Kn7LLBmfZ",negative
Fri Mar 17 16:33:26 +0000 2017,Puerto Rico,"So just how good was LaVar Ball in college, really? https://t.co/CSK5p98X9l https://t.co/9yKOXNV9DU",negative
Fri Mar 17 17:09:53 +0000 2017,"Guayama, Puerto Rico | Ponce",RT @Highhsanti: el olor del sharpie hand sanitizer y gasolina mmmmmme encanta jajjaa,negative
Fri Mar 17 17:09:53 +0000 2017,"Guayama, Puerto Rico | Ponce",RT @Highhsanti: el olor del sharpie hand sanitizer y gasolina mmmmmme encanta jajjaa,negative
Fri Mar 17 17:09:53 +0000 2017,"Guayama, Puerto Rico | Ponce",RT @Highhsanti: el olor del sharpie hand sanitizer y gasolina mmmmmme encanta jajjaa,negative
Fri Mar 17 17:16:05 +0000 2017,Puerto Rico,"Dios mio, yo vivo hechandole gasolina a la maldita guagua!!!!!",negative
Fri Mar 17 18:48:50 +0000 2017,Puerto Rico,RT @LewdGamer: Senran Kagura Estival Versus is Now on Steam - https://t.co/RBfU9YewdI,negative
Fri Mar 17 18:48:50 +0000 2017,Puerto Rico,RT @LewdGamer: Senran Kagura Estival Versus is Now on Steam - https://t.co/RBfU9YewdI,negative
Fri Mar 17 21:42:41 +0000 2017,Puerto Rico,RT @Highhsanti: el olor del sharpie hand sanitizer y gasolina mmmmmme encanta jajjaa,negative
Fri Mar 17 21:55:57 +0000 2017,"San Juan, Puerto Rico",RT @TheWeirdWorld: I wish I could store up wifi like a battery and use it throughout the day.,negative
Fri Mar 17 22:00:46 +0000 2017,Puerto Rico,RT @Highhsanti: el olor del sharpie hand sanitizer y gasolina mmmmmme encanta jajjaa,negative
Fri Mar 17 22:25:13 +0000 2017,Puerto Rico,RT @Highhsanti: el olor del sharpie hand sanitizer y gasolina mmmmmme encanta jajjaa,negative
Fri Mar 17 22:29:06 +0000 2017,Puerto Rico,RT @nowthisnews: The Trump administration thinks protecting our planet from climate change is a waste of money https://t.co/QTGMi3Iv6U,negative
Fri Mar 17 22:31:10 +0000 2017,"Carolina, Puerto Rico",Carolina* casi toda* https://t.co/18MRGSecqJ,negative
Fri Mar 17 22:53:41 +0000 2017,"Puerto Rico, USA",@greta @GovHowardDean @MSNBC Like Dean would know. He's the biggest Con Artist in Politics right now. Probably believes in climate change!,negative
Fri Mar 17 22:59:33 +0000 2017,"Arecibo, Puerto Rico",RT @PlanetTreky: LaTeX + Matlab?! Perfection! https://t.co/GCmLBnGxWY,negative
Fri Mar 17 22:59:43 +0000 2017,"Arecibo, Puerto Rico",RT @Paul_A_Wilson: Big Data in Astronomy workshop 7 -11 Aug in Mauritius. More info: https://t.co/Nb62cxeby0 #bigdata,negative
Fri Mar 17 23:00:11 +0000 2017,PUERTO RICO,"@lgbtpr just send you a link to HIVIDEO  (video arte en libros ac jueves 23 Marzo) por si gustan compartir
Gracias",negative
Fri Mar 17 23:07:32 +0000 2017,Puerto Rico,RT @TheWeirdWorld: I wish I could store up wifi like a battery and use it throughout the day.,negative
Fri Mar 17 23:08:22 +0000 2017,"Guayanilla, Puerto Rico","@cyaronpop Okay, then connect the laptop to one of those w/o a battery and see how it goes. Ofc, don't disconnect it",negative
Fri Mar 17 23:14:23 +0000 2017,"Ponce, Puerto Rico",RT @Highhsanti: el olor del sharpie hand sanitizer y gasolina mmmmmme encanta jajjaa,negative
Fri Mar 17 23:41:54 +0000 2017,"Caguas, Puerto Rico",El de brea nueva https://t.co/ONy1WkFHM9,negative
Sat Mar 18 00:12:13 +0000 2017,"San Juan, Puerto Rico","Trump's budget director: Coal miners' kids need bombs, not Sesame Street https://t.co/iYurv5n5oN",negative
Sat Mar 18 00:12:31 +0000 2017,"Puerto Rico, USA",@EmanuelAlicea @CarmenYulinCruz no puedes comparar un pais tan enorme como canada.  Que tiene grandes reservas de gas natural.,negative
Sat Mar 18 00:16:00 +0000 2017,Puerto Rico.,"RT @WeNeedFeminlsm: Lol @ sexists
Lol @ racists 
Lol @ climate change deniers
Lol @ facists 
Lol @ homophobes
Lol @ donald trump",negative
Sat Mar 18 00:17:47 +0000 2017,"Florida, Puerto Rico","RT @AidanKane18: Alan Watt (Jan 8, 2017) A Good Con Does Logic Derange Preparing Public f... https://t.co/c90kQhZW43",negative
Sat Mar 18 00:18:04 +0000 2017,"Florida, Puerto Rico","RT @AidanKane18: Alan Watt (Sept 18, 2016) The Cunning Few, The Master Knaves Now Own the... https://t.co/Lz5pNIsBU6",negative
Sat Mar 18 00:22:56 +0000 2017,Puerto Rico,@mimi_quintana one does not simply not dance to Gasolina,negative
Sat Mar 18 00:27:30 +0000 2017,Puerto Rico,RT @Highhsanti: el olor del sharpie hand sanitizer y gasolina mmmmmme encanta jajjaa,negative
Sat Mar 18 00:33:30 +0000 2017,"Trujillo Alto, Puerto Rico",RT @nataliesd20: El de brea nueva https://t.co/ONy1WkFHM9,negative
Sat Mar 18 01:10:52 +0000 2017,Puerto Rico,RT @Joe96__: Was it because he's dead https://t.co/vUgqGIKkkH,negative
Sat Mar 18 01:41:13 +0000 2017,Puerto Rico,RT @Joe96__: Was it because he's dead https://t.co/vUgqGIKkkH,negative
Sat Mar 18 01:48:12 +0000 2017,Puerto Rico,@futurism @LastWeekTonight can you put this in TV so @realDonaldTrump believe at last will have to fight global warming #help #usa #humanity,negative
Sat Mar 18 01:51:28 +0000 2017,Puerto Rico,"Brandon Knight is being shut down for the rest of the season
https://t.co/mVTq6AQ6rk https://t.co/IgKPCYa75l",negative
Sat Mar 18 03:03:24 +0000 2017,Puerto Rico,RT @Joe96__: Was it because he's dead https://t.co/vUgqGIKkkH,negative
Sat Mar 18 03:05:20 +0000 2017,"Carolina, Puerto Rico",RT @Joe96__: Was it because he's dead https://t.co/vUgqGIKkkH,negative
Sat Mar 18 03:11:14 +0000 2017,Puerto Rico/Tampa,RT @Joe96__: Was it because he's dead https://t.co/vUgqGIKkkH,negative
Sat Mar 18 03:16:37 +0000 2017,"Aguadilla, Puerto Rico","RT @HarvardBiz: When pollution doubled, so did the effect on the stock market.
https://t.co/C45x4ZI5TT",negative
Sat Mar 18 03:42:43 +0000 2017,"Salinas, Puerto Rico",@ThyBigfella_ y'all got good music but let's be honest when gasolina plays it's poppin and Puerto Ricans pop with it feel me lol,negative
Sat Mar 18 03:50:24 +0000 2017,"Salinas, Puerto Rico",RT @ThyBigfella_: Nah that's a fact tho can't front lmao https://t.co/QNlfNaUHyY,negative
Sat Mar 18 04:22:54 +0000 2017,Puerto Rico,dayanlee_ https://t.co/eOvVVxTToi,negative
Sat Mar 18 04:25:45 +0000 2017,"Villalba, Puerto Rico",No te creo https://t.co/uW3HFsBmTC,negative
Sat Mar 18 04:27:53 +0000 2017,"San Juan, Puerto Rico",jajajajjajajajajajajajajajajajaja https://t.co/kmLJWMYjzx,negative
Sat Mar 18 04:28:11 +0000 2017,PUERTO RICO!,... https://t.co/4WpQmWxrht,negative
Sat Mar 18 04:36:43 +0000 2017,"Puerto Rico, USA","No, mijo no, somos un buen equipo. #toto https://t.co/pNrzo2jXD5",negative
Sat Mar 18 05:05:17 +0000 2017,"Caguas, Puerto Rico",Ve y dile que tiren la toalla; ah verdad... no es boxeo https://t.co/upGYx43aDS,negative
Sat Mar 18 05:09:21 +0000 2017,"San Juan, Puerto Rico",A --ing blackout on the ninth inning. Is thia what sports fans feel all the time? It's terrible.,negative
Sat Mar 18 05:10:18 +0000 2017,"Puerto Rico, USA",#NowPlaying Gasolina by Daddy Yankee #ChippahRadio #Listen https://t.co/2o8A5Gwlph https://t.co/nExWE7zfaf,negative
Sat Mar 18 06:18:13 +0000 2017,"VB, Puerto Rico en la casa",Odio estar sin bateria,negative
Sat Mar 18 08:29:44 +0000 2017,"San Juan, Puerto Rico",RT @STRONGSHARKTANK: rest in peace phone battery,negative
Sat Mar 18 10:59:53 +0000 2017,"Florida Adentro, Puerto Rico","RT @aDeplorable: Too late, the obozo years poured gasoline on the fraud fire... @DougBrown43 @Sherridacherry @Portosj81 @DebAlwaystrump",negative
Sat Mar 18 11:33:05 +0000 2017,"San Juan, Puerto Rico","RT @MagicRealismBot: By using this talisman, you can reach another dimension. In that place, climate change does not exist.",negative
Sat Mar 18 13:29:55 +0000 2017,"Guayanilla, Puerto Rico","Welcome to Pleistocene Park, where Russian scientists want to fight climate change with woolly mammoths https://t.co/2z83zhIuVH",negative
Sat Mar 18 13:37:05 +0000 2017,Puerto Rico,"RT @elvinjestrada: EPA freezes grants, CDC cancels climate change summit https://t.co/NrmulJ6V4q",negative
Sat Mar 18 13:41:37 +0000 2017,Puerto Rico,"RT @realDonaldTrump: It's freezing outside, where the hell is ""global warming""??",negative
Sat Mar 18 14:38:14 +0000 2017,Puerto Rico,Everything you need to know about #MarchMadness Day 3 https://t.co/FL5xk2bvOg https://t.co/aztMfwaA6R,negative
Sat Mar 18 15:33:14 +0000 2017,Puerto Rico,"The tournament rolls on...

Predictions for the Round of 32 https://t.co/KCrHtNM42J https://t.co/acsooZY9MX",negative
Sat Mar 18 16:18:07 +0000 2017,"Mayaguez, Puerto Rico",Yo no se ni con que gasolina voy a trabajar hoy.,negative
Sat Mar 18 16:21:19 +0000 2017,"Arecibo, Puerto Rico","RT @BleacherReport: Distrust, dysfunction, disappointment

Yes, these are your Chicago Bulls https://t.co/iWq8rrv8Vc https://t.co/SFeiIUr2mM",negative
Sat Mar 18 16:52:18 +0000 2017,Puerto Rico,Get Darkarta: A Broken Heart's Quest Collector's Edition for FREE on https://t.co/Jx6ZJwqAwT #orlygift #free #steam #giveaway #indiedev,negative
Sat Mar 18 20:06:20 +0000 2017,"Puerto Rico, USA",RT @2000sHits: [2004] Daddy Yankee - Gasolina https://t.co/11DradFmaT,negative
Sat Mar 18 20:52:30 +0000 2017,Puerto Rico,"RT @realDonaldTrump: It's freezing outside, where the hell is ""global warming""??",negative
Sat Mar 18 20:57:22 +0000 2017,"San Juan,Puerto Rico",@jesypc en un puesto de gasolina...,negative
Sat Mar 18 21:30:25 +0000 2017,puerto rico,RT @MikeElChingon: Gasolina - Daddy Yankee https://t.co/osFnwe1S86,negative
Sat Mar 18 21:48:35 +0000 2017,Puerto Rico,RT @YahooFinance: Auto industry backs commitment to fuel economy amid doubts https://t.co/Jim3g2HO37 https://t.co/qEaSWuuuAv,negative
Sun Mar 19 14:15:17 +0000 2017,"San Juan, Puerto Rico","It still baffles me that climate change is, to many, a hoax.",negative
Sun Mar 19 15:00:34 +0000 2017,Puerto Rico,Cuando uno tiene carro tiene q dejar hasta de comer afuera pa poder echarle gasolina al carro,negative
Sun Mar 19 15:51:07 +0000 2017,"Miami, FL | Puerto Rico","Yo decico poner gasolina un domingo, BENDITO SEA CRISTO",negative
Sun Mar 19 15:58:20 +0000 2017,"San Juan, Puerto Rico",Yo prefiero un velero a que un bote y que me quede sin gasolina en el medio del mar,negative
Sun Mar 19 16:24:48 +0000 2017,"Ponce, Puerto Rico","Gasolina pa' la Infanta (@ Shell in Ponce, PR) https://t.co/mCJ5EA862a",negative
Sun Mar 19 18:03:45 +0000 2017,"Caguas, Puerto Rico",Noooooooo https://t.co/bOzQp4QAkp,negative
Sun Mar 19 18:26:09 +0000 2017,Puerto Rico,"RT @HistoryToLearn: Vin Diesel in high school, 1985. https://t.co/fv6kEZKIGN",negative
Sun Mar 19 18:39:28 +0000 2017,"Puerto Rico, USA",RT @lyricreserve: Gasoline // Halsey https://t.co/3hXAaeaC5X,negative
